FileName	(E)-hex-2-enal	a-pinene	b-myrcene	(Z)-b-ocimene	(E)-b-ocimene	linalool	a-copaene	petasitene	b-caryophyllene	(E)-b-bergamotene	a-farnesene	(Z)-hex-3-en-1-ol	[(Z)-hex-3-enyl] butanoate	a-terpineol	cosmene	(4E,6Z)-alloocimene	verbenone	3-ethenyl-1,2-dimethylcyclohexa-1,4-diene	geranial
12_398_Ihyb_200715_7162021_22.qgd	0	109998	0	227419	1891921	0	0	0	0	122355	33543	0	0	18486	61012	24573	10708	0	0
12_398_Ihyb_200721_7142021_17.qgd	21313	52528	0	160090	0	0	1291	0	0	31837	0	0	0	4989	0	0	3183	11503	0
13_397_Ihyb_200715_7162021_20.qgd	0	630847	63365	94573	1171490	13846	5257	0	37365	41362	953617	54295	10760	0	34394	17235	5151	8904	0
14_396_Ihyb_200715_7162021_23.qgd	0	208590	0	65465	737764	0	3389	0	5140	57478	71862	0	0	11455	20922	10328	7325	0	0
14_396_Ihyb_200721_7142021_14.qgd	1289	375170	0	1413	1140	0	1192	0	4629	1550	0	5699	992	0	0	0	4092	0	0
15_395_Ihyb_200721_7142021_12.qgd	0	118115	0	208552	0	0	2486	0	0	37869	0	33506	0	6556	0	349	6843	10807	0
16_394_Ihyb_200715_7162021_24.qgd	0	68841	0	134571	1227992	0	1582	0	0	16715	23954	0	14762	4098	28565	27800	3819	0	0
18_392_Ihyb_200721_7142021_16.qgd	0	237390	0	245060	7254	0	7988	0	0	21080	0	102775	0	8703	0	1070	7742	0	0
20_390_Ihyb_200716_7142021_04.qgd	0	161671	0	57828	486038	0	1955	0	0	57005	678205	0	24213	4785	19420	10438	6478	0	0
21_389_Ihyb_200716_7142021_05.qgd	3613	220502	0	53664	668542	0	2579	0	19117	12609	98900	2389	0	0	5892	2231	1617	0	0
2200_Ihyb_nodate_7152021_04.qgd	0	118058	0	286642	0	0	2919	0	3499	35645	0	0	0	6907	0	0	6849	0	0
2282_Ihyb_200721_7152021_14.qgd	6716	50618	0	2559	3821	0	6568	0	20167	6725	0	4060	0	5413	0	242	1366	0	0
2283_Ihyb_200721_7152021_15.qgd	0	47082	0	17635	0	0	494	0	0	6585	0	67689	4923	4260	0	0	1889	0	0
23_387_Ihyb_200716_7142021_06.qgd	3157	1251812	0	22429	240807	0	502	0	131047	18383	291051	12187	0	0	4023	1002	7942	1584	0
25_385_Ihyb_200721_7152021_07.qgd	0	131900	0	632	1106	0	1059	0	9809	0	0	7363	0	0	0	0	0	233	0
25_line_Ihyb_200715_7162021_17.qgd	0	2038852	0	63208	795998	0	2445	0	53895	3620	46773	0	0	0	5553	10023	0	3199	0
26_384_Ihyb_200715_7162021_18.qgd	29686	103664	32564	43002	419745	0	623	0	7950	25343	90828	0	0	0	6550	6501	1340	4759	6939
27_383_Ihyb_200716_7142021_02.qgd	20271	113212	0	474148	10929	0	1891	0	0	28377	8921	0	0	9968	0	0	9855	13906	0
27_383_Ihyb_200721_7152021_06.qgd	0	11132	0	9183	1472	0	854	814	1530	3406	0	72739	0	0	0	0	0	0	0
28_382_Ihyb_200716_7142021_03.qgd	34928	1140344	50115	70199	809878	0	3199	0	1575	16209	184201	4944	6191	0	5626	11143	4400	4505	0
28_382_Ihyb_200721_7152021_05.qgd	0	156883	0	3015	2129	0	11737	0	107536	9448	5146	71724	7348	7865	0	316	0	0	0
3015_Ihyb_nodate_7152021_02.qgd	24177	43891	0	171245	11636	0	5366	667	22038	37539	0	310604	7051	8418	0	0	4429	9729	0
384_Ihyb_Ihyb_200721_7152021_08.qgd	0	11537	0	3530	1005	0	0	0	0	2689	0	0	0	0	0	0	0	0	0
387_Ihyb_200721_7152021_09.qgd	0	33317	0	5543	1474	0	0	0	26440	4033	0	20856	0	0	0	0	0	0	0
389_Ihyb_200721_7152021_11.qgd	0	68918	0	20411	2169	0	10498	0	83795	3242	0	59440	0	2954	0	0	753	0	0
399_Ihyb_200721_7152021_13.qgd	0	144865	0	384774	0	0	2621	0	2123	24541	0	16113	0	9622	0	1043	10986	21896	0
400_Ihyb_nodate_7152021_03.qgd	51090	192669	0	205136	12654	0	19448	0	450689	23685	0	893799	101088	35792	0	2645	7819	0	0
5_line__Ihyb_200716_7142021_07.qgd	20246	106993	0	87124	802616	0	2128	0	0	40363	0	0	0	9549	20651	13724	9550	0	0
6_2245_Ihyb_200721_7142021_13.qgd	0	253526	0	160109	0	0	1882	0	0	22922	0	0	8417	4249	0	877	5667	9897	0
6_line_Ihyb_200716_7142021_08.qgd	18774	239377	0	37891	231612	0	1692	0	0	64310	180954	0	0	7645	11078	4267	6188	0	0
7_2228_Ihyb_200715_7162021_21.qgd	0	75629	0	187426	26524	0	4751	0	0	57714	79668	0	0	7180	0	648	3425	11301	0
7_228_Ihyb_200721_7152021_12.qgd	0	13261	0	2354	4758	0	503	0	2596	20731	0	5883	0	0	0	283	0	0	0
8_2294_Ihyb_200721_7142021_15.qgd	0	115196	0	389789	0	0	2572	0	0	40194	0	0	0	9272	0	0	8641	24949	0
air_JP_Ihyb_200715_7162021_26.qgd	0	176606	0	506825	0	0	0	0	0	54544	0	0	0	12060	0	1008	9074	30875	0
I10DAug2_08052019.qgd	22467	198861	8923	26284	0	0	5166	0	39096	6338	34095	110723	0	0	0	605	1121	0	0
I10DJul24_08262017.qgd	0	83116	0	3113	5543	0	0	0	2856	15463	145266	51844	0	3220	0	709	0	0	0
I10NAug108262017.qgd	0	1496132	189737	388410	4601208	22881	1756	0	52857	56244	907295	37742	5397	2297	20014	57681	941	16941	0
I10NAug12_08152019.qgd	0	78956	15858	29242	351495	7853	0	414	1523	11954	0	0	0	0	1634	3582	0	1636	0
I11DJul24_08262017.qgd	0	102795	141214	161025	0	0	78108	0	23794	47874	56057	0	0	30595	0	1538	0	25771	9676
I11NAug1_08262017.qgd	13139	283617	225118	515088	5466324	0	4738	4028	8120	171590	3921689	1528	0	3142	22253	72985	0	16284	11746
I11NAug12_08152019.qgd	0	1875783	50325	47114	600338	3504	8247	0	21058	9045	129863	5828	0	0	2042	7225	518	2450	0
I121DJuly20_08072018.qgd	5492	195852	4242	20807	0	0	2188	0	27212	0	0	41218	1776	1752	0	0	447	0	5629
I12DAug2_08052019.qgd	201721	1541257	339942	15458	47235	34157	7068	0	253671	25554	55415	431097	17380	1702	0	2295	0	0	0
I12DJul24_08262017.qgd	15796	75874	0	12907	0	0	3264	0	5490	10950	150421	55541	11961	2792	0	467	0	0	0
I12NAug1_08262017.qgd	0	163788	153340	349460	4130175	23781	2192	0	6248	25774	212163	0	4996	1784	13236	42405	261	8831	22649
I12NAug12_08152019.qgd	34431	4897216	352376	489416	6176020	39589	0	0	30938	37189	646820	76632	0	1371	23690	87552	3861	20559	28168
I12NJuly19_08062018.qgd	7412	99573	130019	246093	2753534	0	1348	10717	9477	82002	2995655	18442	3780	0	0	35610	0	8523	0
I13DJul24_08282017.qgd	0	218445	0	26275	14903	0	0	0	22852	51229	0	220604	0	12569	0	737	2072	0	11773
I13NAug1_08312017.qgd	0	250974	101512	135596	1905434	18775	0	2582	8464	54589	1418824	0	0	2515	0	20012	1324	5697	0
I13NAug12_08152019.qgd	7092	1121011	0	34090	374852	26360	6480	0	10649	8518	148603	0	0	3202	0	4895	1019	2117	8888
I14DJul24_08282017.qgd	0	57883	0	5821	7903	0	3491	0	12906	35457	0	0	0	6627	0	983	0	0	0
I14NAug1_08312017.qgd	12436	1066999	110129	151830	1795539	0	10077	0	95415	98221	1672538	29498	9050	5824	10612	19720	1829	7154	0
I14NAug12_08152019.qgd	0	795553	585660	1374665	15131016	49956	1859	0	11679	134738	2769685	17045	0	3431	23046	164897	0	24810	0
I15DJul27_08302017.qgd	0	113194	0	25386	0	0	3800	0	4360	6447	0	0	0	0	0	772	2114	0	0
I15NAug1_08262017.qgd	10789	1022613	228286	415415	4646393	34039	12379	1679	46769	62509	1025708	0	0	3020	16786	70480	973	13948	18487
I16DJul24_08302017.qgd	0	38072	0	16901	0	0	977	0	0	10159	0	20518	0	1714	0	0	0	0	100
I16DJul27_08302017.qgd	0	60739	0	112675	0	8148	2973	0	7667	37723	0	0	0	13329	0	0	4207	12654	0
I16NAug1_08302017.qgd	21608	514250	24561	15146	163953	0	2503	8233	3548	133874	1011090	10975	0	0	4015	2022	3876	4762	0
I16NAug12_08152019.qgd	0	2222789	34270	14422	151472	0	4210	0	10581	5127	35404	2244	0	0	1176	3262	0	932	0
I17DAug2_08052019.qgd	0	1453707	31929	10085	36839	0	6173	0	44622	29489	277078	45743	11373	0	0	1737	0	0	0
I17DJul244_08262017.qgd	0	163589	0	130985	0	0	5130	0	12059	46044	47705	0	0	21291	0	1368	7337	0	0
I17NAug1_08272017.qgd	0	1166063	201099	253883	2768462	51318	45469	1883	365264	183324	3955264	109691	32158	6110	13942	35014	0	10942	54080
I182NJuly19_08072018.qgd	7995	52120	157170	273336	2744017	13646	3169	0	25817	60902	927211	27452	0	0	18884	44934	420	7456	5768
I184NJuly19_08072018.qgd	7447	114675	62748	95394	1035066	0	4044	0	19168	68830	1187129	38056	2529	0	4546	16360	1226	0	0
I18DJul2408282017.qgd	0	25786	0	19240	11661	0	0	0	4138	48306	0	0	0	0	0	903	3079	0	9473
I18NAug12_08152019.qgd	0	195751	0	25476	314083	0	1209	0	1535	18663	0	7789	0	4068	0	4384	0	3302	0
I18NJuly19_08062018.qgd	8234	37289	35472	38370	357031	0	1203	0	0	35249	643880	16562	0	1353	1924	6310	0	1750	0
I19DAug2_08052019.qgd	94120	131772	29671	6312	26952	0	7565	22860	107235	0	1178	763110	0	5251	0	938	0	0	0
I19DJul24_08282017.qgd	0	132877	0	4509	0	0	1839	0	0	21074	0	0	0	8873	0	943	0	0	3323
I19NAug1_08302017.qgd	0	22617	32886	61965	770390	1605	0	0	2548	33029	481093	754	0	0	0	9295	0	2435	0
I19NAug12_08152019.qgd	0	922779	125853	158369	2089853	4247	4132	11372	20479	6905	274835	26623	0	0	3335	22930	0	5587	0
I1DAug2_08052019.qgd	0	14493	0	3883	495	0	0	0	0	0	0	0	0	0	0	0	0	0	0
I1DJul21_08302017.qgd	0	76024	0	2894	0	0	4280	0	14879	8365	0	0	0	1483	0	297	0	0	0
I1NAug12_08152019.qgd	21317	2143432	930024	730487	9991564	123783	112613	0	250633	195472	4929013	98799	26371	30091	0	120334	5340	20137	0
I200DJuly26_08082018.qgd	0	49679	7160	3107	0	0	538	0	1286	11325	0	7886	0	2734	0	0	0	0	0
I20DAug2_08052019.qgd	4656	50255	0	4461	38691	0	0	0	9512	0	0	16282	1332	1674	0	698	0	0	0
I20DJul24_08302017.qgd	85122	87885	0	61229	0	0	5203	0	4199	24350	0	0	0	9540	0	745	0	0	16660
I20NAug1_08312017.qgd	0	350866	55851	122988	1416964	20663	6405	0	27533	40456	817372	0	0	2150	9997	24237	661	5798	0
I20NAug12_08162019.qgd	0	8232	0	1760	4777	0	0	738	0	3110	58955	0	0	0	0	0	0	0	0
I21DAug2_08052019.qgd	64669	2911315	199180	21853	111745	0	0	1150	48886	6906	0	632039	0	2673	3734	3427	4291	3323	0
I21DJul24_08282017.qgd	11375	43110	0	29494	22187	0	0	0	6511	88773	0	0	0	0	0	1157	5228	0	17294
I21NAug12_08162019.qgd	0	100042	127130	321116	3885342	17310	0	0	0	67962	1233468	60792	0	0	0	29975	0	5578	0
I2223DJuly20_08072018.qgd	0	32527	20708	4970	2718	74973	1098	0	20240	3626	39052	131314	0	0	0	1268	0	0	0
I2224DJuly20_08072018.qgd	10404	58776	11287	176159	6125	0	1548	0	5927	17965	10377	34344	0	7377	2881	930	0	0	0
I2227DJuly20_08072018.qgd	15464	104914	23324	5724	10777	0	1267	0	9450	49680	0	37791	7866	7455	0	398	2870	0	0
I2227NJuly19_08072018.qgd	15724	220396	61880	79379	837539	491455	5703	0	136292	50070	160619	502625	0	0	0	14099	1271	0	7043
I22DAug2_08062019.qgd	89637	484157	58600	9821	32281	19067	37945	0	240670	0	28570	698350	43257	8911	0	1605	787	0	0
I22DJul24_08302017.qgd	0	132401	0	132496	0	0	4998	0	0	37419	0	0	0	24270	0	956	8707	0	15013
I22NAug12_08162019.qgd	0	380896	0	111652	1508989	0	8086	0	20738	26162	389262	39718	0	3343	2916	19343	1342	5849	0
I23D183July26_08082018.qgd	10209	204224	26301	8205	0	253369	17659	0	74427	4412	3354	213087	3681	0	0	1140	694	0	0
I23DAug2redo_08062019.qgd	0	218663	11255	2156	10351	14385	0	0	19254	6340	0	75671	4717	0	0	427	0	0	0
I23DJul24_08302017.qgd	72998	83971	0	89193	16279	0	3014	0	0	82176	0	0	0	12732	0	1310	7739	0	0
I23NAug1_08302017.qgd	0	223545	268664	617770	6472257	0	0	0	3432	105724	2699684	0	0	2880	24803	85721	0	16952	28618
I23NAug12_08162019.qgd	0	27327	7950	19055	255676	2900	0	0	2868	32965	947574	1837	0	0	1236	6233	325	1262	0
I24DAug2_08052019.qgd	15070	407760	16364	54848	0	0	2570	0	12281	0	0	28232	2790	0	0	871	0	0	0
I24DJul24_08302017.qgd	0	46620	17100	10264	21377	0	0	5355	0	73220	84637	0	0	0	0	1164	4753	0	15577
I24NAug1_08302017.qgd	5120	805652	105766	218950	2637192	0	0	2092	0	28275	414814	0	0	5219	10191	34316	1870	7309	17290
I24NAug12_08162019.qgd	0	709052	36653	47828	512584	0	5609	0	33230	51784	1272502	41313	0	0	6116	7119	0	5404	0
I25DAug2_08052019.qgd	8727	260726	9933	58525	0	0	0	0	2168	3457	0	9949	1803	0	0	0	0	0	4182
I25DJul24_08282017.qgd	19470	109390	0	137414	0	6053	2613	0	1813	46601	0	0	15397	19580	0	839	1499	0	9380
I25NAug1_08302017.qgd	13187	848614	275466	474726	5462508	0	2602	2596	25832	67692	1000394	0	0	2631	26384	73535	0	19416	5720
I25NAug12_08162019.qgd	2332	87470	0	33930	461901	0	1262	0	1479	7532	116520	0	0	2735	2123	8167	0	1893	0
I26DAug2_08062019.qgd	0	1844929	7913	1868	0	0	20069	493	20905	0	0	9796	0	0	0	480	0	0	0
I26DJul24_08282017.qgd	17288	100425	0	8164	5635	0	2774	0	4413	15085	0	0	0	4111	0	810	0	0	0
I26NAug1_08302017.qgd	8821	771609	219593	436164	4748219	0	2983	0	13680	70733	1363506	0	2859	0	23110	67468	0	16185	0
I26NJuly19_08062018.qgd	3892	65250	91537	117222	1298020	0	3051	0	5159	33838	816694	0	5233	9010	15335	18430	2210	0	0
I27DAug2_08062019.qgd	5542	302542	0	25015	0	0	1768	0	7453	6297	0	7267	0	0	0	0	0	0	0
I27DJul24_08302017.qgd	9686	279656	20832	4277	0	0	7201	0	0	24931	0	0	0	3296	0	836	2107	0	0
I27NAug1_08302017.qgd	29941	306223	215732	292034	3680772	0	6332	1124	12746	25952	561014	0	0	0	6993	35125	1217	12568	0
I27NAug12_08162019.qgd	0	50526	0	62759	2971	0	627	0	1126	39501	0	0	0	2434	0	0	0	3849	0
I28DAug2_08062019.qgd	0	422597	14799	5414	10526	0	3494	0	6079	6809	0	39764	5494	0	0	0	0	0	0
I28DJul24_08282017.qgd	0	91848	0	8363	20142	0	1721	0	0	14819	21692	0	0	3596	0	1395	1870	0	0
I28NAug1_08312017.qgd	0	160261	68877	72808	928760	0	3434	0	10116	18721	240185	792	3711	2681	4677	11756	1288	4175	7387
I28NAug12_08162019.qgd	1716	38305	175264	478887	6187234	40790	3155	0	4073	148926	4991177	16401	1522	0	14633	57224	0	13083	0
I29DAug2_08062019.qgd	0	323998	0	1408	0	0	0	0	3065	0	0	22296	0	0	0	0	0	0	0
I29NAug1_08302017.qgd	7276	427227	120982	165517	1987068	0	2261	0	24234	16428	266169	0	6609	10219	9719	27931	3713	0	0
I29NAug12_08162019.qgd	30613	404047	182321	306394	3963516	27035	6872	0	120598	77006	1608468	233789	7102	6282	14164	44231	0	12872	0
I2DAug2_08052019.qgd	0	336634	0	1309	1309	0	0	0	0	5026	0	0	0	0	0	0	0	0	0
I2DJul21_08302017.qgd	102548	121237	44543	5872	18769	0	2832	2751	0	54767	10375	0	0	26392	0	896	0	0	17663
I2DJul24_08272017.qgd	0	222126	40227	188417	0	0	5468	1583	0	0	60985	0	8952	30036	0	1016	11148	0	0
I2NAug1_08272017.qgd	8010	203377	100801	192469	2220388	19162	1300	0	0	81679	1656301	36581	0	1542	0	27889	0	7885	15454
I2NAug12_08152019.qgd	0	45915	0	2766	25423	0	984	0	6101	4447	50960	0	0	0	0	551	0	0	0
I30DAug2_08062019.qgd	75661	1312639	56035	4249	9770	0	809	541	11294	10049	0	162663	2095	1971	0	981	723	0	0
I30DJul24_08282017.qgd	0	38541	0	3579	14216	0	0	2735	11609	49375	25642	0	0	0	0	805	2667	0	9071
I30NAug108312017.qgd	7237	582999	74517	137059	1393191	0	3601	0	14168	25426	325280	0	0	1453	8253	20979	0	5869	5085
I30NAug12_08162019.qgd	0	345862	125880	255617	3176481	16777	0	798	8230	37703	715596	13240	0	0	4841	41151	0	7071	0
I31DJul24_08282017.qgd	7316	119617	0	9342	0	0	1625	0	0	28666	33175	0	0	4731	0	1249	2753	0	2478
I32DAug2_08062019.qgd	0	603756	0	1476	1476	0	4047	0	3617	0	0	0	0	0	0	3067	0	0	0
I32NAug12_08162019.qgd	0	108740	0	5332	47169	5292	1034	0	1824	4623	34555	0	0	0	0	578	0	0	0
I33DJul27_08312017.qgd	12114	38487	0	16722	0	0	1616	1869	0	4955	0	18361	0	0	0	0	0	0	0
I33NAug1_08312017.qgd	0	316983	83428	134029	1469461	0	1436	0	5054	10986	88287	0	0	0	0	20989	0	5668	0
I34DJuly26_08082018.qgd	6757	188348	20342	5102	15653	0	1969	0	23167	11249	2354	28430	9481	4714	0	749	2185	0	0
I38DJuly20_08072018.qgd	3987	65387	13143	92030	5507	0	5458	0	22864	23309	0	43158	0	9025	0	508	3039	0	17379
I38NJuly19_08062018.qgd	6054	220140	349479	709446	6647815	36067	12419	0	58001	179082	5826080	28161	4095	2176	27836	117131	1009	21811	0
I39NJuly19_08062018.qgd	0	63868	33021	21326	196208	0	3287	0	6290	130789	77190	20723	0	7217	2463	3016	0	0	0
I3DJul24_08262017.qgd	8691	568630	29697	9785	16148	11360	1548	0	10468	57333	551114	0	0	0	0	1639	0	0	8921
I3NAug1_08262017.qgd	74572	782412	148475	207709	2517336	22315	2730	0	13025	172695	3781211	186073	4522	2449	0	30215	4684	7178	0
I3NAug12_08152019.qgd	0	1961972	365692	591171	7729872	26064	1273	0	33023	340165	8716986	29073	0	0	20141	78703	0	18585	27844
I4DAug2_08052019.qgd	0	77717	0	9147	0	0	0	0	0	0	0	0	0	0	0	0	0	0	0
I4DJul24_08272017.qgd	0	177109	0	35205	15034	0	0	0	7659	37766	30339	0	0	10501	0	3408	0	0	12393
I4N2223July19_08072018.qgd	8962	265960	45850	44063	479053	0	983	0	6597	32584	670999	24494	3821	0	0	7036	934	0	5964
I4NAug1_08272017.qgd	0	479370	94268	222242	2381739	19203	1217	0	18476	64047	1081968	0	0	2305	12526	35167	0	9076	0
I4NAug12_08152019.qgd	27555	1417471	352432	549997	7396957	74932	5471	0	29651	200281	5566627	39924	0	4898	13043	82064	0	13733	0
I5DAug12_08152019.qgd	0	165664	12447	23981	329587	0	0	0	6697	3793	82040	0	0	1147	1664	6333	0	1264	0
I5DAug2_08052019.qgd	139574	123378	96969	8848	23985	0	14353	0	213052	20611	0	438598	21426	11168	0	1385	1233	0	0
I5DJul24_08272017.qgd	18438	680443	29689	14577	23840	0	11837	1087	13665	19536	122228	0	0	4092	0	1612	0	0	7014
I6DAug2_08052019.qgd	25454	427706	0	4661	0	0	0	1172	5162	10828	0	0	0	0	0	736	0	0	0
I6DJul24_08272017.qgd	0	137027	0	12539	4757	0	0	0	3987	22479	12570	0	0	2941	0	1220	0	0	3775
I6NAug1_08272017.qgd	3625	189074	204223	490127	5296483	52533	2680	1418	31994	130844	3107095	0	3139	1781	27789	62954	0	18110	5200
I6NAug12_08152019.qgd	5857	1429732	85828	174808	2308888	0	1199	0	2223	10911	181374	10882	0	0	5932	27822	0	7522	0
I7DAug2_08052019.qgd	34828	245669	10927	1951	0	0	604	669	11145	0	0	140672	11279	1985	0	139	0	0	0
I7NAug12_08152019.qgd	0	42597	9028	18579	246251	0	0	0	889	7944	197673	0	0	0	1459	2670	0	748	0
I7NJuly19_08062018.qgd	5561	335854	71816	142075	1490362	0	1111	0	12584	40543	1035086	31352	0	746	4603	18018	0	3880	0
I8DAug2_08052019.qgd	20954	192932	9736	3584	0	26404	2474	0	7211	11771	0	13986	0	0	0	451	0	0	7729
I8DJul27_08312017.qgd	0	123330	0	41337	7973	0	2206	0	0	35007	0	0	0	6829	0	891	0	0	19298
I8NAug1_08312017.qgd	0	120529	93765	222466	2644595	34969	1377	0	0	121764	3017307	0	0	3060	14306	39945	0	9100	19376
I8NAug12_08152019.qgd	57792	184477	76887	110720	1183436	0	17204	0	31580	67744	1552606	0	0	0	9775	24105	5371	6596	0
I9DAug2_08052019.qgd	0	467520	26373	208913	1817	0	152348	0	400285	0	95036	0	1471	0	2414	0	0	0	0
I9DJul24_08272017.qgd	0	293996	0	159300	0	6793	3848	0	0	8327	29809	0	7484	27771	0	1237	9510	0	4747
I9NAug1_08272017.qgd	28368	4294332	463821	478718	5640433	20029	1616	18673	14216	52147	843622	841	2972	2199	19371	57997	2055	17112	4037
Ihyb_1_210721_7282021_16.qgd	0	43814	4005	4858	12503	0	0	0	0	27176	120156	0	0	0	0	803	0	0	0
Ihyb_10_210712_8232021_15.qgd	3443	2483311	350536	720854	6802212	0	5171	0	32554	17994	236698	0	8422	0	65350	114221	0	17518	0
Ihyb_10_210721_7272021_06.qgd	59290	1425334	29715	7255	10387	0	18552	0	43896	23349	0	121715	0	0	0	1186	3229	0	0
Ihyb_101B_N_220727_812022_09.qgd	904	66128	34787	77890	967131	10999	0	0	2910	131608	3313267	0	0	0	3275	14309	0	3059	0
Ihyb_11_210712_8242021_08.qgd	12352	2191621	393265	382872	3809217	31107	0	1996	97124	10078	144177	63800	4913	5297	59221	87269	7089	15857	0
Ihyb_11_210721_7272021_08.qgd	168377	877497	89724	36831	98457	27089	40425	0	365795	53435	459516	335762	0	16464	0	3833	0	0	0
Ihyb_12_210721_7282021_02.qgd	63518	5353481	131883	13971	0	0	13247	0	590397	14906	0	165668	0	0	0	1792	9532	0	0
Ihyb_13_210712_8242021_09.qgd	9843	1679811	433332	331486	3870929	0	10415	0	61613	15398	43996	2441	1537	2480	50084	56693	3391	13026	0
Ihyb_13_210721_7282021_09.qgd	73191	4455187	59488	12730	21972	0	11159	0	50274	0	0	50107	0	0	0	1639	8948	0	15002
Ihyb_14_210721_7282021_10.qgd	46747	701915	30591	5252	4043	0	0	0	17368	0	3866	320697	0	0	0	1222	2649	0	13611
Ihyb_15_210712_8242021_04.qgd	0	358908	209813	523609	4009707	0	3166	6392	7090	4801	75136	0	0	9423	48074	71799	4428	10966	0
Ihyb_15_210721_7282021_11.qgd	43566	3248795	51475	10552	0	0	0	0	0	24100	0	73548	0	0	0	1293	2613	0	0
Ihyb_16_210712_8242021_03.qgd	3505	903553	130110	283796	2417623	0	4956	4744	13286	9834	158998	21900	26119	0	51362	58624	5272	13239	0
Ihyb_17_210712_8242021_06.qgd	3055	988018	34069	89310	672500	0	5306	115421	27141	49513	219684	13754	0	0	16272	17769	7343	4261	0
Ihyb_17_210721_7282021_03.qgd	69140	2112889	74579	19974	34696	0	40878	0	77225	0	0	177083	0	0	0	2621	5759	0	0
Ihyb_18_210712_8232021_10.qgd	0	39009	0	7311	54601	0	0	5496	4672	47700	0	0	0	0	0	1527	2418	0	0
Ihyb_18_210721_8242021_16.qgd	0	15456	0	16007	4124	0	0	0	0	0	0	0	0	0	0	0	0	0	0
Ihyb_19_210712_8242021_02.qgd	6356	167904	47901	59713	554775	0	8362	42007	12992	44494	925773	62731	0	11570	30096	17448	11117	0	0
Ihyb_2_210712_8242021_10.qgd	12608	105378	219685	309150	3330075	0	1901	0	2813	34943	624568	0	0	8362	39134	53176	10838	12457	0
Ihyb_2_210721_7282021_14.qgd	0	38080	0	34184	5453	28710	0	0	7546	24774	0	0	0	0	0	557	0	0	0
Ihyb_20_210712_8232021_07.qgd	0	225717	178863	412586	3500807	0	0	2720	2321	2689	21656	0	0	0	56657	51525	0	17106	0
Ihyb_20_210712_redo_8252021_07.qgd	0	48250	5521	8187	63827	0	0	2483	7225	16252	0	0	2025	0	0	1076	1183	0	0
Ihyb_20_210721_8242021_15.qgd	0	12405	0	10987	2272	0	0	0	6806	0	0	0	0	0	0	0	0	0	0
Ihyb_205_230728_8222023_24.qgd	0	615706	0	5056	0	0	0	0	2935	0	0	372526	27555	7455	0	559	3896	0	0
Ihyb_21_210712_8232021_08.qgd	0	173769	104500	255754	2417732	13798	0	0	53553	105166	2103243	655	0	1534	27431	32193	1348	8602	0
Ihyb_214_230728_8232023_09.qgd	2024	214756	0	0	0	0	0	0	0	4231	0	0	0	0	0	0	0	0	0
Ihyb_215redo_230728_8232023_07.qgd	2277	134693	0	2561	1774	0	2577	0	5402	0	0	33550	8097	1955	0	513	3673	0	0
Ihyb_22_210712_8232021_06.qgd	0	97830	244183	560744	5604596	26075	0	3375	0	38143	559452	602	10643	0	56339	88733	0	15233	0
Ihyb_220_230728_8232023_14.qgd	2899	153229	15295	72448	4510	0	4992	0	23065	9160	0	13561	0	3998	0	0	3323	0	0
Ihyb_221_230728_8232023_08.qgd	7508	1186045	51748	3179	0	0	5408	0	30986	0	1411	64404	0	3051	0	0	26438	0	0
Ihyb_224_230728_8232023_11.qgd	2458	48062	0	0	0	0	0	6168	0	11825	0	8719	0	1231	0	158	1012	0	0
Ihyb_225_230728_8232023_08.qgd	9024	756870	26658	6906	20141	0	0	0	12082	5522	0	2108	0	41476	7198	853	31911	0	0
Ihyb_226_230728_8232023_04.qgd	4714	167002	0	62402	0	0	7089	0	1120	0	0	135013	0	6119	0	191	2111	0	0
Ihyb_228_230728_8232023_09.qgd	14346	504513	73615	8751	22654	14283	4138	0	17564	0	0	204459	2052	4092	3081	1353	7576	0	0
Ihyb_229_230728_8232023_15.qgd	0	128141	54137	3458	0	0	0	622	3917	6803	0	653121	3908	6734	0	401	0	0	0
Ihyb_23_210712_8232021_09.qgd	0	6084	0	4388	0	0	0	39550	8570	26366	822	0	0	0	0	332	1605	0	0
Ihyb_230_230728_8232023_05.qgd	0	309543	0	6098	6098	0	3608	0	0	16109	0	7887	0	6771	0	1046	3301	0	0
Ihyb_231_230728_8232023_03.qgd	13851	88609	15936	2196	0	0	996	0	3497	9168	0	198307	0	20119	1498	264	2300	0	0
Ihyb_233_230728_8232023_07.qgd	5858	121849	0	0	0	0	2554	0	0	130585	0	149806	0	4164	3566	527	3586	819	0
Ihyb_235_230728_8242023_06.qgd	0	91861	6848	1930	0	0	0	0	782	11536	0	24904	0	0	0	438	2037	0	0
Ihyb_236_230728_8232023_02.qgd	6039	187302	9902	88783	5049	0	1987	0	0	8384	0	127159	0	4112	0	399	6183	0	0
Ihyb_24_210712_8232021_12.qgd	24351	2171136	273895	424984	4565075	26610	11875	13459	7095	90749	1862255	50701	0	2918	78607	91976	0	19393	0
Ihyb_25_210712_8232021_17.qgd	0	1075266	273079	534931	4817122	15222	2567	0	11358	41149	526780	0	14772	0	52573	91652	0	14097	0
Ihyb_26_210712_8232021_05.qgd	0	1022017	164239	351162	3663639	46921	0	0	10563	76432	1334596	75483	29941	4138	43913	85062	2160	11973	0
Ihyb_27_210712_8232021_03.qgd	12942	5520213	470462	685452	6478747	34314	5729	2128	8676	43316	515598	97849	3662	4357	43348	71920	6696	12230	0
Ihyb_29D_2017_8242021_17.qgd	0	83972	0	2365493	0	0	0	0	0	400982	0	0	0	0	0	0	140183	332916	4598206
Ihyb_3_210712_8232021_13.qgd	117195	143787	116293	72682	841790	54957	9167	7176	88056	136358	3120557	155314	0	12829	22357	9125	0	3286	0
Ihyb_3_210721_7282021_15.qgd	0	46284	0	17971	0	47341	0	0	23961	14014	0	67818	0	0	0	847	0	0	0
Ihyb_30_380_200721_782021_36.qgd	30144	67504	0	202694	6340	0	1504	0	0	44112	0	0	0	5570	0	666	8977	17232	0
Ihyb_314_N_220727_812022_09.qgd	2589	64478	0	12193	127067	0	0	0	4223	2188	39342	0	0	0	4193	2591	0	0	0
Ihyb_4_210721_7282021_13.qgd	0	188426	25351	24247	54652	0	0	0	74968	75055	1010526	0	0	0	0	3096	0	4523	0
Ihyb_400_230728_8222023_01.qgd	5323	159375	14716	13655	132229	0	287	0	1792	14249	0	0	0	0	3832	2040	1756	0	0
Ihyb_401_230728_8222023_07.qgd	0	406604	51827	46993	438470	0	864	0	1863	12811	154048	9634	0	0	12137	5706	4662	5469	0
Ihyb_402_230728_8222023_23.qgd	13902	112535	0	20906	54046	0	9499	0	0	0	0	264766	0	1880	9953	2868	716	1000	0
Ihyb_404_230728_8222023_04.qgd	2655	101151	42100	5781	21583	0	806	0	0	23729	0	0	0	0	940	716	1421	0	0
Ihyb_405_230728_8222023_02.qgd	0	228228	44260	74241	765995	0	1051	0	1529	22747	215283	1978	0	0	0	14861	1925	0	0
Ihyb_406_230728_8222023_05.qgd	10458	1543160	785781	302153	3153481	65977	1535	0	29049	30854	612677	55982	1924	3237	23718	37714	2485	10064	0
Ihyb_407_230728_8222023_21.qgd	4862	989076	77167	21065	212782	0	876	0	23880	46257	710213	14190	0	4122	6567	5527	5789	2019	0
Ihyb_409_230728_8222023_22.qgd	0	460610	51046	47949	367572	0	0	0	4397	76694	1130012	0	0	2901	22219	7970	0	6513	0
Ihyb_411_230728_8222023_17.qgd	23818	506067	135661	148641	1543876	0	1929	0	15921	100090	1739806	280	0	6364	33542	25236	11618	13439	0
Ihyb_412_230728_8222023_15.qgd	0	745060	69346	97098	1012826	0	0	1960	575	14378	0	2295	0	0	0	20515	8008	6412	0
Ihyb_414_230728_8222023_13.qgd	0	843860	172440	170393	1937130	0	2085	0	0	149299	2571488	10982	0	16257	36993	43171	6011	10746	0
Ihyb_415_230728_8222023_11.qgd	6644	658307	135419	203570	2074473	0	1853	0	0	56566	747269	42838	0	1743	50691	36836	5743	17353	0
Ihyb_415redo_230728_8232023_06.qgd	27219	146837	0	9526	31821	0	4350	0	13923	0	0	6870	0	5398	7568	1412	3301	1227	0
Ihyb_416_230728_8222023_14.qgd	9335	264763	159993	244817	2360935	0	2458	0	5910	174293	2745592	13234	0	2496	42346	41492	6220	15437	0
Ihyb_417_230728_8222023_12.qgd	14998	898780	95950	11649	57078	0	8744	0	2519	86873	0	25015	3633	12073	5478	1300	752	0	0
Ihyb_418_230728_8222023_19.qgd	0	233219	9547	4349	26894	0	0	0	0	2694	5152	0	0	307	3166	1160	2854	1165	0
Ihyb_419_230728_8222023_18.qgd	0	472804	145982	125383	1244907	0	0	0	0	32361	30352	1599	0	0	24672	20881	5423	11351	0
Ihyb_422_230728_8222023_03.qgd	1748	225938	24398	20850	192980	0	1437	0	1412	49224	0	0	0	0	6233	4253	893	0	0
Ihyb_425_230728_8222023_08.qgd	0	469147	0	3910	0	0	0	0	0	5765	66468	5831	0	828	0	229	1519	0	0
Ihyb_427_230728_8222023_09.qgd	0	339110	21773	7413	40829	0	3843	0	0	30104	0	0	0	0	0	767	2200	0	0
Ihyb_5_210712_8232021_02.qgd	4881	2858092	381959	825565	6611792	61978	5783	0	21715	258945	5298771	0	8827	12871	70569	83465	4982	21391	0
Ihyb_5_210721_7282021_05.qgd	0	417666	24447	13004	23695	0	0	0	46706	47188	103830	178826	34328	0	0	1394	3269	0	0
Ihyb_502A_N_220727_812022_05.qgd	2118	118084	42237	89815	955766	0	189	0	772	29363	564677	4779	0	0	2464	17380	0	2540	0
Ihyb_503A_N_220711_822022_19.qgd	7472	225222	25225	15159	149136	5065	390	0	0	42919	778934	25469	5426	1106	3490	1471	1201	957	18077
Ihyb_503A_N_220727_812022_01.qgd	7649	126661	71492	150697	1937742	7822	1653	1161	16142	52369	1283512	5131	399	807	2864	26144	0	3164	0
Ihyb_506A_N_220711_822022_18.qgd	17654	1282622	216858	107526	774788	31927	690	0	196665	35964	524617	103441	14137	3489	24262	24267	4202	7090	0
Ihyb_506A_N_220727_812022_02.qgd	684	299294	93287	202778	2530625	7532	0	505	4880	16676	366164	0	0	0	4083	36595	0	4623	0
Ihyb_509B_N_220727_812022_08.qgd	0	23052	26248	56275	702429	1983	0	0	241	2089	38731	229	0	283	931	4907	0	687	0
Ihyb_509C_N_220727_812022_07.qgd	0	162436	75439	149257	1854618	4391	0	0	0	11525	131087	0	0	0	4024	31533	0	4949	0
Ihyb_512B_N_220727_812022_11.qgd	2615	67900	0	14506	177264	0	338	0	2060	6238	93268	0	0	0	2760	3036	669	707	0
Ihyb_525A_N_220727_812022_04.qgd	2954	134805	101737	184209	2137426	4343	1623	0	11326	44407	757313	0	0	0	2503	33051	0	3857	0
Ihyb_530_D_220712_822022_14.qgd	0	23706	0	26034	170179	0	0	0	0	2326	68124	0	2327	0	10562	6037	857	1217	0
Ihyb_530A_N_220711_822022_26.qgd	19399	619438	314273	178721	1853212	95020	33252	0	339221	64728	1983931	6559	6749	9585	15562	34095	3892	8265	16876
Ihyb_530A_N_220727_7292022_02.qgd	3555	851943	126918	240656	2362470	0	0	0	8318	0	152342	5372	0	0	9903	36798	2193	0	0
Ihyb_530B_N_220727_7292022_10.qgd	4204	244096	196080	325650	3460161	33236	9687	440	96256	139167	3097206	1161	0	3415	5834	49129	1201	6745	0
Ihyb_6_210712_8232021_18.qgd	37539	1862109	338439	354492	3179689	44482	25536	0	66574	223192	6126711	6084	17374	4403	38435	65626	13315	10742	0
Ihyb_6_210721_7282021_07.qgd	0	1248009	0	23456	0	0	2744	0	7494	11549	0	0	0	0	0	0	0	0	0
Ihyb_7_210712_8232021_16.qgd	1273	332110	85220	224711	1935862	19092	0	0	35866	197625	3787882	0	0	0	21306	25427	0	5663	6355
Ihyb_701A_N_220711_822022_01.qgd	0	77616	29394	61044	683568	0	0	0	640	2267	8359	359	5279	0	14095	8734	285	4003	0
Ihyb_701A_N_220727_7292022_07.qgd	2765	82898	46659	108890	1269140	5168	218	0	541	13995	162209	6565	0	0	3987	25284	0	4690	1580
Ihyb_701B_N_220727_7292022_08.qgd	1755	147730	166658	332346	3495756	0	226	0	0	19133	250585	0	0	0	7690	76646	0	8162	6813
Ihyb_703A_N_220727_812022_06.qgd	7156	178824	89198	176802	1670763	22042	0	0	2977	58716	811017	15674	0	0	28893	32430	2543	7688	8506
Ihyb_706_D_220712_822022_06.qgd	2026	1252740	0	1470	1164	0	9813	0	2297	0	0	6085	0	0	0	179	2383	0	0
Ihyb_706_D_220728_812022_06.qgd	2087	160950	0	15130	76162	0	7838	0	9660	7495	74215	797	0	0	3375	2433	0	1520	0
Ihyb_706A_N_220711_822022_24.qgd	11212	1093037	90148	105577	444696	0	1974	0	46807	0	102799	33451	0	0	28913	19330	9940	9064	0
Ihyb_706A_N_220727_7292022_06.qgd	0	16881	126377	281675	2839297	13031	1485	0	0	27515	446552	0	0	0	5443	31286	0	4614	5939
Ihyb_706B_N_220727_812022_16.qgd	1396	419582	305897	666777	6664348	47299	8784	0	5573	103788	1782788	10857	4625	0	16144	129714	0	14240	49102
Ihyb_707_D_220712_822022_05.qgd	0	5465	0	1192	0	0	0	0	407	696	0	0	0	0	0	0	188	126	0
Ihyb_707_D_220728_812022_19.qgd	0	7628	0	5125	29880	0	0	0	0	4467	0	0	0	0	0	683	0	0	4758
Ihyb_707A_N_220711_842022_02.qgd	0	54642	62334	117220	1268440	0	0	0	3590	3914	41641	0	0	0	19768	26656	529	7232	1750
Ihyb_707B_N_220727_822022_13.qgd	0	3619	14358	35632	422046	0	0	0	140	4833	45330	0	0	0	1083	2658	0	515	0
Ihyb_709A_N_220727_812022_07.qgd	2448	757599	111989	186692	2249568	5773	108	0	8190	30339	581594	7138	0	0	3433	35953	1333	3926	0
Ihyb_709B_N_220727_812022_14.qgd	866	369538	61836	131745	1571417	4726	0	0	2197	23134	364939	287	0	0	4137	24502	0	3856	0
Ihyb_712_N_220711_822022_27.qgd	23802	978287	306031	72392	7745	15222	13357	0	331580	120887	809863	172544	0	0	44684	0	13217	8640	0
Ihyb_712_N_220727_812022_14.qgd	0	150715	22600	45512	506287	0	0	0	369	3361	20156	0	0	0	3729	6314	1419	2836	0
Ihyb_712A_D_220728_812022_04.qgd	0	21728	1521	26487	0	0	0	0	756	2625	0	0	0	0	0	0	215	0	0
Ihyb_712B_N_220711_822022_29.qgd	1040	504327	12541	26466	116962	0	2435	0	6033	2103	0	0	0	0	11504	7099	2279	2549	0
Ihyb_712BBrokenTrap_N_220727_812022_02.qgd	1229	9087	19691	49669	637423	0	0	0	0	14369	165811	0	0	0	3843	1353	349	0	0
Ihyb_713_D_220712_822022_03.qgd	5368	274052	6383	1238	1693	0	632	0	467	513	0	1186	1577	1021	0	0	842	417	0
Ihyb_713_D_220728_812022_05.qgd	2426	61444	25729	8510	42501	0	0	0	1096	6960	0	0	0	0	2914	990	0	0	0
Ihyb_713_N_220727_812022_13.qgd	0	41130	9631	19260	229827	1549	0	0	1353	7893	103224	0	0	0	779	3204	0	666	0
Ihyb_713B_N_220727_812022_13.qgd	0	77981	81909	195024	2268812	10227	2291	0	5552	85993	1351346	0	0	0	17799	33365	0	5354	0
Ihyb_715_N_220727_812022_11.qgd	0	125120	33867	77609	865500	1514	277	0	0	17010	300508	794	0	0	4004	5257	262	1107	2744
Ihyb_715A_N_220711_822022_15.qgd	1396	121016	75751	174453	1777558	27319	2729	0	34495	47049	1136304	14393	1756	5868	21383	19535	1432	11462	31023
Ihyb_715B_N_220727_812022_01.qgd	1907	24310	21579	45093	497605	0	721	0	0	10145	160072	0	0	0	6999	10091	1057	1178	0
Ihyb_715unreadable_D_220728_812022_01.qgd	4793	160669	11786	1673	4297	0	1732	0	498	1906	5380	8571	887	633	504	225	437	0	2161
Ihyb_717A_N_220711_822022_21.qgd	4281	180243	44380	87759	581950	14926	3882	0	13058	20953	158994	14362	0	2503	31033	20808	0	5402	18355
Ihyb_718_D_220728_812022_02.qgd	0	14474	0	967	1980	0	0	0	1068	513	0	0	0	0	517	76	0	513	0
Ihyb_718_N_220727_812022_03.qgd	0	81549	21124	43504	458944	0	0	0	2741	62171	621592	0	0	0	15179	9237	6128	0	0
Ihyb_718A_N_220711_822022_28.qgd	1069	15342	6242	10004	87016	0	611	0	3547	0	37340	5797	0	0	1995	2361	0	889	0
Ihyb_718B_N_220711_842022_04.qgd	1305	664852	37534	59620	314033	0	2530	0	31016	27080	246719	0	0	0	6787	12074	3304	2126	0
Ihyb_718B_N_220727_812022_11.qgd	2991	315016	59480	100676	1083807	0	1026	0	20990	57563	851195	10565	0	0	2116	13080	332	2115	0
Ihyb_719_D_220712_822022_07.qgd	416	64265	0	285	0	0	0	0	0	0	0	0	0	0	0	0	0	0	0
Ihyb_719_D_220728_812022_05.qgd	2704	459714	13261	5884	27539	0	3707	0	16974	12195	4789	3689	945	0	1585	551	0	0	0
Ihyb_719A_N_220727_7292022_05.qgd	344	93932	31757	66692	784877	4226	0	0	1395	19514	355161	0	0	0	2273	12446	0	2613	0
Ihyb_719B_N_220727_812022_17.qgd	1077	334208	28729	49301	585742	2353	0	0	1551	2569	44341	0	0	0	1102	8419	0	1686	0
Ihyb_721_D_220728_812022_03.qgd	0	15165	0	344	861	0	0	0	0	1048	0	0	0	0	0	0	0	0	0
Ihyb_721_N_220727_812022_08.qgd	796	470025	109454	216148	2586657	7716	3444	0	5969	55296	916130	0	0	0	4428	20999	0	3610	0
Ihyb_721B_N_220711_842022_07.qgd	0	240992	19685	39816	273059	0	0	4911	1625	1726	29434	0	6744	0	10831	7493	687	1765	0
Ihyb_721Bredo_N_220727_812022_10.qgd	4239	606913	78449	124701	1480834	14363	3290	0	7816	15947	238062	10807	0	0	3206	30327	1969	5982	0
Ihyb_726_D_220712_822022_11.qgd	24775	225053	62180	10594	47848	0	2047	0	2873	5214	49050	29354	0	2052	4089	997	1958	0	0
Ihyb_726_N_220727_812022_12.qgd	4787	23315	25515	40867	427800	0	469	0	549	8590	135264	8757	0	770	1680	4558	313	1439	0
Ihyb_726Aredo_D_220727_812022_16.qgd	0	17681	0	2493	7495	0	0	236	482	3325	0	0	0	0	1451	422	0	0	0
Ihyb_726B_N_220727_812022_12.qgd	884	82304	25932	56598	583171	11826	453	0	2145	34079	919172	0	0	0	1762	6846	194	1792	0
Ihyb_729A_N_220711_842022_06.qgd	0	145945	0	9154	78148	0	0	0	0	0	0	0	0	0	8979	2081	8914	0	0
Ihyb_729B_N_220727_812022_10.qgd	0	188895	106737	243172	2815926	4785	0	0	0	22858	343188	0	0	0	3627	36100	0	5341	2562
Ihyb_731_D_220712_822022_04.qgd	0	27310	0	3649	14367	0	0	0	0	0	0	0	0	0	4944	596	775	0	0
Ihyb_731_D_220727_812022_20.qgd	0	48804	0	5939	30010	0	0	0	0	2238	24497	0	0	0	822	874	0	0	0
Ihyb_731A_N_220711_842022_11.qgd	5721	413279	81412	270083	1235505	0	0	0	0	12926	110333	1598	19834	0	23507	67684	3214	9349	0
Ihyb_731B_N_220727_812022_06.qgd	4544	421100	34982	52919	649738	0	683	0	1399	6740	90003	7303	0	0	7256	11638	960	2112	0
Ihyb_732_D_220712_822022_13.qgd	0	591573	0	1049	0	0	1904	0	10046	0	0	0	0	0	0	180	0	0	0
Ihyb_732A_N_220711_822022_25.qgd	12537	1040006	103683	147167	838322	25600	25244	0	191268	24155	338872	61880	0	5939	33279	26342	2700	9413	0
Ihyb_732A_N_220727_7292022_01.qgd	2363	1164011	121782	200377	2235666	4361	1511	194	11770	8595	105972	3618	0	0	4294	35433	473	5324	0
Ihyb_732B_N_220727_7292022_09.qgd	2412	729325	75571	117092	1352802	0	4081	957	29920	11328	153283	0	0	0	2407	21391	0	3223	0
Ihyb_737_D_220712_822022_12.qgd	1231	391124	6381	1037	1774	0	2479	0	11177	4168	0	0	0	0	0	210	769	0	0
Ihyb_797_D_220712_822022_10.qgd	4663	43	4815	3627	0	0	1506	0	19038	3630	20215	10022	0	0	2856	375	1722	0	0
Ihyb_797_D_220728_812022_04.qgd	9758	1582131	41355	2206	6607	7287	4317	0	59463	0	0	32517	0	0	1653	217	604	2543	0
Ihyb_797A_N_220711_822022_22.qgd	6273	347821	320487	474517	5272702	24826	3291	0	40758	76622	970542	543	0	0	66104	98441	1032	17047	6745
Ihyb_797A_N_220727_7292022_03.qgd	8354	473886	79575	44680	526014	10954	4587	0	18286	4740	148026	1249	13465	2147	5124	8788	458	2173	0
Ihyb_797B_N_220711_822022_16.qgd	1948	435331	68137	113825	778367	8722	0	0	29085	20596	189629	0	0	0	24591	18619	0	7065	0
Ihyb_797B_N_220727_812022_14.qgd	923	374128	36430	59988	653411	0	0	0	1419	1450	7133	0	0	0	2000	10971	321	2092	0
Ihyb_798_D_220712_822022_08.qgd	1198	301814	4836	2251	6426	0	543	0	1450	1736	4728	9215	0	0	1594	352	851	327	0
Ihyb_798_D_220728_812022_07.qgd	0	98373	0	8345	0	0	0	0	0	26373	0	0	0	0	0	0	0	0	0
Ihyb_798A_N_220711_822022_23.qgd	4460	295933	104568	246969	1864627	21597	16064	0	9518	58786	893000	865	0	0	42632	49733	0	12611	25212
Ihyb_798A_N_220727_7292022_04.qgd	1223	289179	172871	337363	3384731	24392	0	0	20663	92162	1767976	63898	13299	0	5023	52735	592	5984	9031
Ihyb_798B_N_220711_822022_17.qgd	22466	982845	507391	312312	3499620	34760	9249	0	664890	54223	884780	295443	0	41551	50298	73667	3876	16099	0
Ihyb_798B_N_220727_812022_15.qgd	0	63413	168289	376223	4433725	45017	0	0	1484	171697	3020113	0	0	0	8349	93434	0	11965	0
Ihyb_799A_N_220711_822022_20.qgd	6276	697088	114183	174318	2013401	26732	44410	17375	0	100748	1498622	95677	0	0	26815	29144	4721	9710	39685
Ihyb_799A_N_220727_812022_03.qgd	379	31060	0	3504	34783	0	0	0	0	2408	42266	0	0	0	0	591	0	1173	0
Ihyb_799B_N_220727_812022_09.qgd	1609	179986	0	7725	78690	0	0	0	0	12890	152357	0	0	0	2812	1388	0	0	0
Ihyb_8_210712_8232021_19.qgd	23478	5673026	275371	362624	3319801	28550	11426	4695	15928	48987	648161	99543	0	12219	71989	75519	36344	20930	0
Ihyb_8_210721_7282021_06.qgd	53327	2498359	57474	5828	0	0	13007	131971	67515	0	0	42484	0	0	0	889	0	0	0
Ihyb_84aT1_N_220711_842022_01.qgd	10628	154549	76005	76381	515885	0	0	0	6482	30913	511257	24545	0	3739	6349	13781	1939	3839	0
Ihyb_84aT10_N_220711_842022_10.qgd	5492	503894	66885	20961	207565	0	1750	0	17520	13235	113358	7641	0	1645	4676	2050	0	3027	11273
Ihyb_84aT2_N_220711_842022_02.qgd	3126	568733	62288	139455	808386	7229	388	0	13282	6399	81174	12576	0	0	29912	19836	3185	9485	0
Ihyb_84aT3_N_220711_842022_03.qgd	389	118859	39074	90402	988238	9750	1493	0	10821	36197	466348	238	0	0	12416	15404	774	5011	7992
Ihyb_84aT4_N_220711_842022_04.qgd	1656	86170	11717	16773	206542	4341	0	0	1377	11618	266482	256	0	0	5554	3909	634	1600	0
Ihyb_84aT6_N_220711_842022_06.qgd	1682	266628	17614	5960	55288	0	1579	0	7958	3115	38859	0	0	0	4391	1107	0	359	0
Ihyb_84aT7_N_220711_842022_07.qgd	0	242617	27673	66660	327176	0	900	0	2768	10835	22061	0	31252	0	17903	12968	0	2481	0
Ihyb_84aT8_N_220711_842022_08.qgd	1025	949018	117508	215533	2465549	7866	4338	0	17415	40462	541745	0	6683	0	26967	54180	0	6559	0
Ihyb_84aT9_N_220711_842022_09.qgd	1548	7028	0	4772	0	0	0	0	0	0	0	0	0	0	0	0	0	0	0
Ihyb_9_210712_8232021_14.qgd	46498	3723526	504046	384507	3671844	26478	29474	136242	29768	37705	231723	400119	14896	7948	73488	48635	8286	17361	0
Ihyb_9_210721_7272021_07.qgd	71257	478823	63742	29349	87017	0	5628	0	423172	803257	7768007	90145	0	0	8104	5937	0	0	0
Ihyb_AIRJPredo_D_220712_852022_14.qgd	0	70085	24582	35626	404087	0	1300	7864	3405	4388	25927	0	0	604	1842	7169	0	2193	0
Ihyb_NOIDJP_D_220712_822022_09.qgd	6149	938858	13091	3261	0	0	0	0	14303	0	0	11912	0	0	0	301	4512	0	0
Ihyb_T10_D_220712_822022_10.qgd	5022	182982	29193	4133	10517	0	849	0	1474	2896	516	9964	0	839	836	324	292	1519	3436
Ihyb_T11_D_220712_822022_11.qgd	962	13680	0	1422	6006	0	0	0	1343	0	0	0	0	368	1096	180	0	161	0
Ihyb_T12_D_220712_822022_12.qgd	2310	32762	0	3316	1296	0	0	591	0	4110	51529	0	0	0	0	500	0	0	0
Ihyb_T14_D_220712_822022_14.qgd	5094	80466	27463	2355	0	0	825	0	0	4996	0	540	0	1125	0	241	1053	0	0
Ihyb_T15_D_220712_822022_15.qgd	1657	10140	4592	11339	30794	0	551	0	0	2434	10959	3815	614	0	2276	1237	0	504	0
Ihyb_T16_D_220712_822022_16.qgd	8532	179669	66936	3765	12293	0	6906	0	213843	5037	21064	170461	3164	2956	2241	455	349	3248	0
Ihyb_T17_D_220712_822022_17.qgd	0	7075	0	225	809	0	0	0	1827	0	0	0	0	0	0	0	0	1392	0
Ihyb_T18_D_220712_822022_18.qgd	1067	137014	0	5096	17147	5776	0	0	10149	0	37218	0	0	0	0	1074	0	0	0
Ihyb_T19_D_220712_822022_19.qgd	1517	36721	5188	7369	24325	0	2630	11636	2996	6043	46529	0	956	0	0	1148	640	0	0
Ihyb_T26__220721_7282022_26.qgd	0	188500	4780	5637	65929	0	0	0	4441	0	22098	0	0	0	0	910	0	214	0
Ihyb_T27__220722_7282022_27.qgd	871	182172	9358	13521	127322	0	0	0	577	0	26320	0	0	0	5270	1752	0	0	1720
Ihyb_T28__220723_7282022_28.qgd	4672	90459	157105	355578	3513133	11293	0	0	3509	54350	866740	7359	0	0	8671	66281	0	9299	0
Ihyb_T29__220724_7282022_29.qgd	1326	922	36118	78274	988293	14150	2106	19012	0	66042	1637090	981	0	11645	5729	6822	457	1595	0
Ihyb_T30__220725_7282022_30.qgd	2483	66460	12946	25744	307907	0	0	0	875	12111	191270	4037	0	0	1380	4505	545	842	0
Ihyb_T31__220726_7282022_31.qgd	0	71081	68730	163717	1847464	5739	738	0	827	18647	260521	0	0	0	3170	22259	0	3836	0
Ihyb_T32__220727_7282022_32.qgd	2352	1443635	106277	166584	2009250	6661	0	0	1550	28044	462994	13380	2352	0	5818	33138	461	5921	2202
Ihyb_T8_D_220712_822022_08.qgd	5935	496927	46325	6504	650	0	3019	0	107076	10321	106215	696	4217	0	2232	597	598	467	0
II17NAug12_08152019.qgd	0	245179	99754	198594	2630096	18766	4277	0	5723	47862	920016	8822	3051	0	5076	29641	542	5624	0
L02DJuly19_08052018.qgd	10660	268948	27363	129806	0	0	21377	0	34028	21311	0	64069	4328	6668	0	421	1549	0	0
L03DJuly19_08052018.qgd	0	78929	12411	6345	5896	0	0	0	0	24501	0	0	0	6136	0	1525	1898	0	0
L06DJuly19_07282018.qgd	10690	82693	7431	2729	0	0	4044	0	13702	0	0	76112	0	4423	0	381	0	0	0
L08DJuly19_07282018.qgd	11172	57680	0	16692	2434	0	11116	0	0	7097	0	0	15697	2359	0	0	0	1544	0
L10DJul18_09032017.qgd	20527	560905	0	95330	15363	0	9814	0	11729	44326	0	109602	0	12058	0	0	2483	0	103256
L10DJuly30_07312019.qgd	66689	29393	13700	3032	0	0	2347	0	0	7337	0	560923	0	0	0	0	0	1591	0
L11DJul18_09032017.qgd	71781	1068813	368418	17174	20849	0	12768	0	173516	72930	0	509666	0	18922	0	0	0	0	0
L12DJul18_09032017.qgd	0	129661	0	39041	18997	0	0	0	0	40430	0	0	37927	16900	0	4721	0	0	0
L12NAug10really L44N_09022017.qgd	11468	276669	98289	210864	2523242	0	10077	0	0	57180	1424306	0	2578	2874	10172	24795	1364	8902	0
L12NAug10redo_09022017.qgd	12620	2443481	163097	271844	3454684	0	1458	0	11255	30333	466316	0	3416	3282	0	43527	3017	0	0
L13DJul18reallyL21DJul18_09032017.qgd	7968	342934	17612	1888	0	0	18751	0	0	14315	0	45804	0	1672	0	0	1526	0	0
L13DJul18redo_09032017.qgd	4080	106082	0	10505	1180	0	0	0	0	0	0	0	0	2577	0	0	1024	0	0
L13DJuly30_07312019.qgd	14039	957763	0	3223	8695	28895	750	0	11425	0	0	119447	2071	0	0	695	0	0	0
L14DJul18_09032017.qgd	0	394970	0	59014	10196	0	0	0	9030	18592	0	0	0	6399	0	0	0	0	0
L14DJuly30_07312019.qgd	0	237431	0	14225	0	0	1696	0	9554	0	1533	57947	0	0	0	536	0	0	0
L14NAug10_09012017.qgd	0	2350863	132796	230521	2601969	0	0	0	8114	24322	396652	0	0	2897	7511	27454	833	6782	0
L15DJuly30_07312019.qgd	10960	343342	25518	6180	25880	27515	12558	0	18614	0	0	110364	1044	3408	0	1983	0	0	0
L15NAug10_09012017.qgd	8490	1055097	242866	516948	6057261	28443	1730	2133	4403	144360	3522777	0	0	1289	0	76025	1895	13277	35489
L16DJul20_09032017.qgd	11707	373913	12493	3060	0	0	9347	0	0	13992	0	21207	1519	2092	0	664	2727	0	13893
L16DJuly30_07312019.qgd	0	148139	0	25400	0	73931	869	0	8428	5623	0	88240	0	0	0	684	0	0	0
L16NAug10_09012017.qgd	12595	4153170	244082	236749	3013028	48355	21630	1160	21103	46815	1034314	49746	0	2279	0	35309	5723	7095	118340
L17DJul18_09032017.qgd	15463	219230	28267	14814	0	0	3405	0	49800	9783	0	0	0	7521	0	3111	0	0	0
L17DJuly30_07312019.qgd	0	234350	0	4894	830	40661	728	0	4818	0	0	18836	0	0	0	0	0	0	0
L18DJul18_09032017.qgd	0	74473	0	30997	4421	0	3739	0	18037	19998	0	0	0	2834	0	0	0	0	0
L18DJuly30_07312019.qgd	0	544699	0	1619	2796	0	500	0	37240	0	0	13949	0	0	0	239	0	0	0
L18NAug10_09012017.qgd	0	89816	77438	73487	802669	0	2014	0	30663	31189	589411	0	0	9827	6629	10731	0	0	47541
L19DJul20_09032017.qgd	0	417150	0	5690	0	0	758	0	0	23948	25380	0	4574	2635	0	1224	1740	0	0
L19DJuly30_07312019.qgd	0	240394	0	11882	1006	0	2135	0	10363	6638	0	0	4169	2581	0	747	2573	0	0
L19NAug10_09012017.qgd	24839	290487	155563	108371	1264872	0	2082	0	24924	42259	872941	0	2986	2353	5931	14438	0	4862	0
L1DJul18_09032017.qgd	27971	97213	0	20231	5255	0	18271	0	0	8840	2909	0	53545	3685	0	0	0	0	0
L2057DJuly30_07312019.qgd	1911	25898	0	10360	0	12011	0	0	3283	4344	0	9320	0	0	0	0	0	0	0
L2060July30_852019_06.qgd	23093	547144	111459	21243	31908	16887	14448	0	72466	5132	0	462911	11975	2078	0	4038	3091	0	0
L2064DJuly30_07312019.qgd	0	313390	61433	33952	115931	0	7088	2437	11017	5662	5195	75859	0	1660	0	5385	0	2697	0
L2097DJuly30_07312019.qgd	38071	185163	45944	8676	24941	0	11997	0	0	9756	0	262672	0	38470	0	0	2710	0	0
L20DJul18_09032017.qgd	9469	46551	12126	5155	0	0	0	0	4207	14545	0	31013	0	1730	0	0	1005	0	0
L20DJuly30_07312019.qgd	0	50496	0	207808	21026	0	0	5843	20504	79849	0	271438	0	0	0	0	19106	0	0
L21DJul18reallyL15DJul18_09032017.qgd	64850	575130	0	75771	5849	0	0	0	3432	14259	0	0	0	7421	0	1080	0	0	0
L21DJuly30_07312019.qgd	0	2213361	129603	15171	33390	0	23083	0	51671	0	0	11992	0	4547	0	2934	0	0	0
L21NAug10_09022017.qgd	53032	2185207	374391	422204	5137464	53650	152030	0	349184	34854	786552	201598	2731	5043	0	72237	3954	10712	7663
L2251July30_852019_03.qgd	1675	234390	0	13889	0	0	0	0	1137	10495	0	5027	0	0	0	0	0	539	0
L2252July30_852019_02.qgd	0	591088	0	27712	0	0	0	0	4648	0	0	248828	0	2935	0	0	3418	0	0
L2254DJuly30_07312019.qgd	71630	910165	311118	16021	48020	0	29851	0	124021	10138	2558	352749	4459	24395	0	2530	2131	0	0
L2259DJuly30_07312019.qgd	0	290233	0	1650	0	12284	1585	1108	18694	0	0	375479	0	0	0	244	0	0	0
L2260DJuly30_07312019.qgd	0	258172	0	5100	11196	0	5544	828	23570	5548	0	144272	0	5251	0	1847	0	0	0
L2261DJuly30_07312019.qgd	0	25616	0	22286	5325	51589	2116	0	60574	0	0	107546	0	8773	0	956	0	0	0
L2262DJuly30_07312019.qgd	0	771652	0	1782	0	57088	11985	0	89715	0	0	138025	7039	33431	0	0	0	0	0
L2263DJuly30_07312019.qgd	0	15687	0	878	0	0	0	0	2415	7317	0	12542	0	0	356	0	0	0	0
L2264DJuly30_07312019.qgd	0	35366	0	1671	0	15341	1957	0	0	6211	0	33066	0	2484	0	560	0	0	0
L2265DJuly30_07312019.qgd	54915	47431	0	258155	0	0	3692	0	0	139141	0	0	0	0	0	3758	24593	0	423599
L2266DJuly30_07312019.qgd	44383	496905	56035	8199	21245	0	77439	0	0	18564	19228	603860	65146	29818	0	1715	0	0	0
L2269July30_852019_05.qgd	36190	35475	0	143944	0	0	0	5482	6896	66119	0	0	119198	0	0	3650	12287	0	132414
L2273July30_852019_04.qgd	4986	148568	29389	4107	6533	8208	13786	0	463	15884	0	71720	959	6483	0	1046	0	0	0
L22DJul18_09032017.qgd	10465	57794	33248	8028	0	0	4077	0	8390	14989	0	0	0	6004	0	689	1424	0	0
L22DJuly30_07312019.qgd	36426	284178	37738	5590	14929	14281	6623	0	135306	14924	0	1087639	0	5150	0	648	0	0	11724
L23DJul18_09032017.qgd	0	98867	25476	2839	2487	0	2492	0	0	11819	0	11024	0	8423	0	0	2477	0	0
L23DJuly30_07312019.qgd	18560	118284	22706	4045	19677	0	1876	1552	0	32042	0	339073	0	11466	0	1050	4681	0	39993
L23NAug10_09012017.qgd	18874	377070	66266	73054	836439	0	857	0	16693	146890	3409808	63128	30362	6244	0	7862	1620	3725	0
L24DJul20_09022017.qgd	5816	531731	0	2113	0	0	3441	0	5887	13588	0	0	0	1451	0	0	2492	0	0
L24DJuly19_08052018.qgd	18311	65069	11871	120729	9759	0	2065	0	25424	35370	0	35034	0	11890	0	1141	1667	0	0
L24DJuly30_07312019.qgd	0	44378	0	239937	28636	0	6189	0	19197	91962	0	348168	0	38908	0	0	19928	0	0
L24NAug10_09022017.qgd	13965	583484	166366	210662	2664754	0	21069	0	60719	40003	1090323	37957	5639	8227	0	22335	1896	6934	0
L25DJul20_09022017.qgd	0	123890	0	3419	0	0	0	4232	4427	19553	38291	0	4643	8136	0	671	3033	0	70392
L25DJuly19_07282018.qgd	6350	350766	31661	4823	13362	0	1892	0	0	13463	0	98966	7893	5810	0	728	5661	0	0
L25DJuly30_07312019.qgd	12025	1495360	80666	10309	30249	7068	3784	0	20758	13703	0	278154	5618	4967	0	464	5255	2060	0
L25NAug10_09012017.qgd	0	968388	61536	44120	511764	30249	1317	0	116439	92014	2849420	32558	0	3249	0	9419	3903	2028	75978
L26DJul20_09022017.qgd	11171	605412	24111	4019	0	0	3062	0	29790	15431	0	0	0	2518	0	467	2517	0	0
L27DJuly30_07312019.qgd	21872	311562	15299	3682	0	8241	3569	1466	5777	7448	23549	247350	7991	5168	0	456	0	0	0
L28DJul21_09012017.qgd	8911	467973	24110	5209	0	0	2253	0	0	13147	0	0	0	1715	0	547	2013	0	41032
L28DJuly30_07312019.qgd	27594	191559	62187	8850	30634	0	4765	0	37696	32558	0	212696	0	9296	0	1580	0	0	0
L29DJul20_09032017.qgd	23768	183084	20476	7646	0	0	7743	0	0	16126	0	70064	0	3375	0	1035	2166	0	0
L29DJuly19_08052018.qgd	0	338158	31209	3375	0	0	5807	0	0	2714	0	15531	0	1751	0	422	0	0	0
L2DJul18_09032017.qgd	17975	87262	0	31665	2272	0	13926	0	0	0	0	0	0	2971	0	0	0	0	27234
L2DJuly30_07312019.qgd	60897	39159	0	199933	35761	0	0	0	64907	175632	0	192169	0	0	0	3073	15891	0	201343
L30DJul20_09022017.qgd	19731	296315	66862	10415	0	0	4806	0	4444	47938	0	0	15106	37149	0	1788	15416	0	0
L31DJul20_09022017.qgd	43059	1404660	68895	13373	21881	0	10529	1710	272663	16906	75030	517863	2668	7216	0	1819	6254	0	0
L32DJul20_09022017.qgd	20609	295044	25408	12623	20655	0	5254	1462	0	19172	0	0	4076	13008	0	2215	5664	0	0
L33DJul20_09032017.qgd	15538	942620	47214	25771	58325	0	6088	6586	3647	17938	13612	68860	5678	2545	0	3375	2286	0	0
L34DJul21_09012017.qgd	7630	176117	13337	5198	0	0	11798	0	0	17060	0	0	0	1993	0	592	827	0	0
L35DJul21_09012017.qgd	40277	111296	16691	5661	0	0	0	0	0	18286	0	0	2939	5244	0	954	0	0	0
L35DJuly19_08052018.qgd	4427	30874	9914	13022	40946	0	1541	0	0	48997	0	0	0	5897	0	1618	0	1858	0
L36DJul21_09012017.qgd	11209	344532	24692	3872	0	0	6266	0	14569	12510	0	41524	0	4536	0	642	3096	0	0
L36DJuly19_08052018.qgd	0	91261	7747	48132	11628	0	0	0	10529	38367	0	0	0	0	1989	767	4731	0	18681
L37DJul21_09012017.qgd	13263	104515	0	1815	0	0	918	0	0	16453	0	0	0	0	0	0	0	0	0
L37DJuly19_07282018.qgd	6552	192846	25766	3972	8602	0	2540	0	5161	46759	0	35690	2890	7242	1409	587	1787	2815	35674
L38DJul20_09022017.qgd	10565	100986	23515	37915	7023	0	1618	0	6864	29846	0	0	0	0	0	867	3932	0	56953
L38NAug10_09012017.qgd	0	1058302	93759	135019	1497087	0	1699	0	10899	33290	631977	0	5269	6844	8457	24295	3489	0	0
L39DJul21_09012017.qgd	14108	211315	17456	4095	0	0	6260	0	44077	19336	0	98803	8954	8084	0	504	1703	0	0
L39July19_08052018.qgd	45079	533667	161630	10612	5549	0	8321	0	0	34164	7386	189890	0	12558	0	1705	2199	0	0
L3DJul18_09032017.qgd	9405	220146	0	45549	2792	0	8880	0	0	0	0	0	0	1873	0	0	0	0	0
L3DJuly30_07312019.qgd	92249	1013228	62224	139975	0	0	25130	0	221817	30776	0	2840836	44426	6529	0	0	6020	0	0
L40DJul21_09012017.qgd	14379	91989	0	91817	0	0	16909	0	0	29039	0	0	0	20568	0	0	9209	0	0
L41DJul21_09012017.qgd	10759	101472	7094	28497	4751	0	4287	0	17148	27470	0	26163	0	5623	544	0	1571	0	19721
L41DJuly19_07282018.qgd	4792	99468	7751	100487	2197	0	550	0	2911	15611	0	24333	0	0	2638	508	1948	0	0
L41NAug10_09012017.qgd	0	533753	135186	226202	2546518	0	1210	1401	0	13131	147339	0	0	1727	0	28552	1451	10092	0
L42DJul21_09012017.qgd	63890	67603	0	7925	36447	0	12745	0	0	78541	0	0	0	0	0	1952	7280	0	29636
L42NAug10_09022017.qgd	0	432847	68999	117242	727567	0	7000	0	0	33784	684647	0	0	9164	254	15487	1884	0	0
L43DJul21_09012017.qgd	24672	52531	0	29764	9176	0	13540	0	0	16846	0	0	0	7293	0	781	0	0	0
L43NAug10_09022017.qgd	11643	2013320	162048	158732	1648651	0	42526	2306	0	75516	23239	0	0	2607	8062	25652	1536	6069	0
L44DJul21_09012017.qgd	35545	100047	0	109873	8450	0	8350	0	0	14193	0	0	0	12167	0	1080	0	0	0
L44NAug10reallyL13N_09022017.qgd	9260	798196	165378	170300	1899167	0	6195	0	0	77099	402716	0	16891	24107	0	26610	7792	0	0
L45DJul20_09022017.qgd	21917	623505	24617	48865	16772	0	4898	0	0	46012	19495	0	0	15072	0	1191	3817	0	16890
L45NAug10_09022017.qgd	0	115090	160584	251109	2937515	0	7613	0	0	25433	475275	0	0	0	7042	33776	0	5669	155094
L46DJul20_09032017.qgd	11026	3221578	24998	20154	30098	0	4265	0	20969	8803	7748	0	3974	4122	0	2306	11891	0	0
L46DJuly19_07282018.qgd	58510	112256	93612	13450	46706	40489	2255	0	180919	0	20426	257893	14168	14363	5949	1937	2072	0	4975
L46NAug10_09022017.qgd	4603	996783	61631	89475	1002338	0	14880	0	60643	9611	295417	0	2185	2955	4336	10484	488	4006	0
L47DJul20_09022017.qgd	0	89047	35651	121682	25279	0	2839	0	0	122634	12790	0	0	31916	0	765	0	0	24645
L47NAug10_09022017.qgd	0	458546	66340	114882	1268208	0	7192	0	0	95551	1681477	0	0	3178	6559	15320	0	4578	5545
L48DJul20_09032017.qgd	0	1314550	0	2873	0	0	1093	840	0	8357	0	0	0	2830	0	391	1283	0	0
L48DJuly19_07282018.qgd	1726	92017	12043	5411	2773	0	0	0	10420	9712	0	0	0	0	0	740	922	1226	30556
L48NAug10_09012017.qgd	19643	902336	91992	97301	1269046	0	3076	0	7104	142194	104278	0	2434	4639	0	15633	1996	4334	4957
L49DJul20_09022017.qgd	8279	5075977	98713	24599	40251	0	23823	0	15962	21615	31893	0	1790	3168	0	3269	30190	0	0
L49NAug10_09012017.qgd	0	234243	178480	439650	4886059	0	3713	0	0	41051	679064	0	0	1400	21792	52713	0	15433	45526
L4DJul18_09032017.qgd	23229	127702	0	32185	6389	0	0	0	0	11033	0	0	0	0	2530	0	0	0	0
L4DJuly30_07312019.qgd	0	3192238	0	44403	0	31142	796	609	34213	8297	0	129687	0	0	0	649	4426	0	0
L50DJul20_09022017.qgd	0	1289024	0	4853	12290	0	897	0	0	67354	50373	0	0	10080	0	1121	2275	0	0
L50DJuly19_07282018.qgd	6855	76038	0	9824	3087	0	0	0	4128	11732	0	17671	0	3459	0	0	3865	0	0
L50NAug10_09012017.qgd	5489	406079	46452	79371	999625	0	1241	0	0	27266	495287	0	1300	2621	0	13946	0	2432	0
L5DJul18_09032017.qgd	72586	155256	0	57486	8194	0	13126	0	17409	0	0	232068	47736	5940	0	0	0	0	0
L5DJuly30_07312019.qgd	0	885455	0	423	423	0	0	0	7435	2708	0	13327	0	0	0	0	1295	0	0
L6DJul21_09012017.qgd	7601	96118	0	50265	14444	0	0	0	3813	33032	0	0	0	0	0	844	2469	0	29537
L6DJuly30_07312019.qgd	27878	775692	69691	12759	28784	9864	1794	506	0	0	0	152991	0	2059	0	2258	555	1027	0
L7DJul18_09032017.qgd	19204	300084	10497	69246	1075	0	13157	0	0	0	0	85995	13836	1806	0	0	0	0	43741
L8DJul18_09032017.qgd	14253	120237	0	87650	17900	0	24397	0	102962	68954	0	126966	0	19125	0	1152	4766	0	81339
L8DJuly30_07312019.qgd	0	571310	0	3613	0	0	5408	0	18054	11025	0	0	0	3211	0	484	1783	0	0
L9DJul18_09032017.qgd	9795	1093562	0	71352	0	0	4188	0	0	13557	0	0	0	8672	0	0	5289	0	0
L9DJuly30_07312019.qgd	27691	184271	0	10190	17840	24790	0	156428	5055	9732	0	293286	17944	4083	0	1057	0	0	0
Lagg_1_210722_8212021_17.qgd	62993	1249326	264320	6088	10131	0	105444	0	621862	0	0	275491	41280	0	5388	1446	12700	0	0
Lagg_10_210719_8212021_14.qgd	84442	211592	0	12708	22152	0	0	38653	60985	0	0	0	15478	0	0	0	0	0	0
Lagg_100_8142021_09.qgd	0	803625	40985	38963	428974	0	1133	248	0	30220	0	0	0	0	4348	5526	0	0	0
Lagg_101_8142021_11.qgd	0	194953	53876	90487	969726	0	2719	0	5679	10148	99618	0	0	0	23631	16480	2474	6189	0
Lagg_102_8142021_12.qgd	2477	232055	13198	12289	134313	0	0	9686	10566	11345	0	0	3613	0	5417	1684	2122	0	0
Lagg_103_8142021_10.qgd	0	127339	10009	10411	107876	0	0	0	0	37276	0	0	0	0	0	1920	0	0	0
Lagg_104_8142021_08.qgd	5839	2572052	71476	26712	306315	0	0	6467	39232	10885	39885	6500	0	0	2511	3927	0	0	0
Lagg_105_8142021_13.qgd	4030	1317556	139073	257713	3279328	0	2154	6629	7819	11363	37013	4401	3144	0	7890	35209	0	6505	0
Lagg_106_8162021_19.qgd	27592	6687508	356449	192007	2341221	11982	915	0	33446	37612	717800	35559	0	5298	3922	19058	0	5858	0
Lagg_108_2021_8222021_16.qgd	0	3451133	110001	104619	1336586	0	7798	0	4897	11840	86305	0	1353	0	3936	34549	0	5039	0
Lagg_109_8162021_18.qgd	0	37504	13976	30745	381432	0	0	0	3579	11091	128579	0	0	0	2173	4537	0	0	0
Lagg_11_210715_8222021_09.qgd	5262	465338	0	12482	3058	0	0	0	7759	0	0	0	0	0	0	0	0	0	10287
Lagg_110_8162021_17.qgd	0	2279779	67430	69687	934435	49364	13433	0	136990	31530	731390	0	0	14866	2998	10287	0	3116	0
Lagg_111_8162021_20.qgd	0	399266	22715	32831	369809	0	0	2658	0	25619	210363	0	0	0	1430	4437	0	0	0
Lagg_113_8142021_19.qgd	3581	592419	161780	338453	4236110	18182	8361	0	133978	82635	1421099	7113	0	0	12965	79331	0	10536	0
Lagg_114_8162021_07.qgd	0	663231	80164	150833	2012466	14358	2358	0	9915	36222	728588	12480	0	0	7106	22820	0	6836	0
Lagg_115_8162021_06.qgd	4693	169496	60898	87338	1154641	0	0	0	44928	54616	996619	17319	1890	0	12906	16173	1156	4003	0
Lagg_116_8162021_03.qgd	0	1842705	81864	95520	1195965	0	0	0	16838	12194	198518	0	0	0	7263	14829	0	3817	0
Lagg_117_8162021_05.qgd	6502	264960	100608	66611	773295	0	3065	0	4800	120444	1870153	14892	0	4096	13887	8115	2437	0	0
Lagg_118_8142021_17.qgd	20079	2580243	346209	274859	3512425	15724	0	0	4646	16518	272789	31250	0	0	8720	36388	11200	9794	0
Lagg_12_210716_8212021_11.qgd	66635	4130395	552587	13168	12640	33376	17186	1977	0	33805	484987	137734	0	0	8167	1353	40720	3326	0
Lagg_120_8142021_16.qgd	15461	1654788	271744	48295	502914	42277	14904	0	236740	12168	171386	64589	0	47863	3387	9434	5959	3452	0
Lagg_121_8142021_15.qgd	12514	1155846	322333	393028	4656363	44070	0	1578	10428	107202	2880555	37347	0	1870	8158	64931	0	8633	0
Lagg_123_8142021_14.qgd	56692	829900	421371	296263	3532321	34008	4364	0	283636	50962	927267	32891	8642	1207	38664	45671	5355	10322	0
Lagg_124_8162021_13.qgd	17324	2699991	401266	173770	2361320	0	17035	0	76889	47169	767794	32418	0	0	8307	28687	6414	7846	10044
Lagg_125_8162021_10.qgd	62321	2031497	662294	337339	3957177	30974	19008	0	205118	28452	0	116411	0	0	15089	66733	7999	17872	0
Lagg_126_8162021_11.qgd	9023	198206	106841	181020	2331297	71984	5614	0	155877	113877	2008879	55273	0	2971	20095	26006	0	4902	0
Lagg_127_8162021_08.qgd	20456	1905386	242498	212937	2786129	18845	2703	207282	22304	42618	1023803	19027	0	0	7824	36672	0	7358	0
Lagg_128_8162021_09.qgd	0	478012	27434	35199	441770	0	0	523	4777	12961	1568	0	395	0	1407	4012	0	1064	0
Lagg_129_8162021_12.qgd	8044	247323	244046	445564	5498992	0	0	0	6686	20028	185574	16026	4841	0	19497	77553	1408	18287	0
Lagg_13_210715_8212021_10.qgd	88351	2417571	49942	13484	31530	0	5993	0	2196	6393	87747	49757	0	0	4438	860	7708	842	0
Lagg_131_8162021_14.qgd	4959	855228	173852	343428	4275819	19870	0	0	38141	106853	2092218	0	0	0	9520	62881	0	9286	0
Lagg_132_8142021_18.qgd	6954	2498685	383109	841180	8928025	26566	0	0	3264	101977	1543612	21730	0	0	22248	118288	934	20057	53612
Lagg_14_210725_8212021_20.qgd	43762	3661857	190340	8614	7542	0	0	0	8250	0	0	132141	0	0	0	0	11355	0	0
Lagg_15_210715_8222021_02.qgd	152908	1755922	537392	33888	52202	0	2345	0	21566	0	0	168344	0	0	30338	0	15938	0	0
Lagg_16_210715_8222021_03.qgd	24517	762275	185424	29239	59357	0	28673	4954	18454	100467	106220	100162	0	7662	4229	5457	13363	0	0
Lagg_17_210715_8222021_04.qgd	517513	4793716	1042829	86615	90955	0	34818	1342	3570	0	0	585301	7495	7577	15488	11063	54575	0	0
Lagg_18_210715_8222021_12.qgd	0	872	0	1423	0	2301	0	0	440	1770	0	878	0	0	180	0	81	0	0
Lagg_19_210715_8222021_13.qgd	11501	630828	0	4917	0	0	6470	3350	10513	0	0	0	0	0	0	812	6961	1245	0
Lagg_2_210715_8222021_06.qgd	38295	1905050	78931	24471	68097	21080	54321	29617	24057	0	0	220655	0	0	7619	5193	0	1826	0
Lagg_20_210715_8222021_14.qgd	27383	64604	22465	8556	7269	0	0	0	7856	21452	158905	0	0	0	2939	590	0	0	0
Lagg_21_210715_8222021_15.qgd	0	6438457	45988	6139	0	21980	0	0	236309	0	0	0	0	0	0	0	226231	0	189716
Lagg_2100_D_220721_7262022_15.qgd	7634	135854	28644	2712	2712	0	1167	0	1448	1277	0	28563	857	758	0	323	659	0	0
Lagg_2100_N_220721_7262022_04.qgd	0	40359	31024	62615	795583	5447	0	0	1701	53663	1256599	0	0	552	3147	8701	0	2130	0
Lagg_22_210715_8222021_06.qgd	34108	189873	59552	17430	25506	0	6830	0	4437	71289	0	301254	10011	6483	3968	1026	9968	0	0
Lagg_23_210715_8222021_07.qgd	121199	831272	285551	23532	29766	121055	3432	0	37631	57146	0	800781	34860	11274	0	3250	10733	0	0
Lagg_24_210715_8222021_08.qgd	117433	12032880	192354	18316	13499	0	7622	0	30694	0	0	120500	0	0	0	1342	60298	0	0
Lagg_25_210715_8222021_10.qgd	314148	6572004	622366	24262	45956	91875	63080	5243	144047	0	0	1189623	3740	6878	5783	2339	0	4241	0
Lagg_26_210715_8222021_08.qgd	14630	204767	0	26711	35645	0	11891	25485	0	58872	0	0	0	10178	0	0	15145	0	0
Lagg_27_210715_8222021_10.qgd	5090	96635	0	60701	0	0	0	3639	0	19930	0	0	0	0	0	0	0	0	0
Lagg_28_210715_8222021_11.qgd	12094	361130	50973	19860	24024	0	0	0	8669	80769	0	0	15253	8923	0	1970	8224	0	0
Lagg_280_D_220721_7252022_04.qgd	2267	48199	14714	2088	0	0	0	3119	1686	0	0	0	0	0	0	453	667	0	0
Lagg_281_D_220721_7262022_04.qgd	11389	343534	71381	6907	17434	0	14836	0	0	946	0	25793	11689	0	0	1422	1466	0	0
Lagg_281_N_220721_7252022_02.qgd	18645	367327	208264	156964	1645998	19247	13750	0	0	76739	2023601	32850	2207	4073	3330	17535	1508	2898	0
Lagg_283_D_220721_7262022_02.qgd	1985	43683	0	944	0	0	1500	0	2705	1141	0	10130	0	626	0	174	874	0	0
Lagg_283_N_220721_7272022_15.qgd	2359	105408	59090	133698	1560885	7821	0	0	6066	67670	1420253	17629	0	0	5515	16822	0	4831	0
Lagg_29_210715_8222021_04.qgd	10752	858180	29966	12346	14531	0	3797	0	12627	39460	0	51075	0	4044	1389	559	3072	7025	0
Lagg_293_N_220721_7262022_05.qgd	3607	531430	70692	100334	1237729	0	0	0	49017	15689	255866	0	0	0	4203	20024	0	3289	0
Lagg_293_N_220721_7282022_22.qgd	0	52708	26849	58494	764009	2196	0	0	0	2312	25855	0	0	0	2245	5235	344	2296	0
Lagg_297_D_220721_7262022_14.qgd	53508	1122383	200375	6718	8944	11665	2077	0	244725	12744	0	420187	0	2201	3723	658	10364	4450	0
Lagg_297_N_220721_7262022_02.qgd	884	7679	4793	6050	5768	0	0	0	676	825	0	4691	0	0	701	261	0	0	0
Lagg_3_210723_8212021_18.qgd	177855	557438	152674	17616	31469	54332	20142	0	33202	0	72103	458108	20535	11680	0	1968	4833	0	0
Lagg_30_210715_8222021_20.qgd	0	526887	0	5321	0	0	0	2490	19746	0	0	0	0	0	0	0	0	2164	0
Lagg_31_210715_8222021_03.qgd	9909	249641	0	4943	0	0	0	0	2439	21032	0	0	5996	0	0	308	1898	0	0
Lagg_317_D_220721_7262022_18.qgd	0	8644	0	774	0	0	179	0	391	1210	0	0	0	0	0	157	0	0	0
Lagg_317_N_220721_7282022_16.qgd	11943	498321	223777	315314	3384478	18844	2582	0	39313	34033	703126	50244	0	1281	24656	46739	887	8126	3021
Lagg_32_210715_8222021_16.qgd	208286	1030578	419147	25538	0	0	0	0	551644	49468	0	287640	0	10610	0	3762	9008	0	0
Lagg_320_D_220721_7262022_20.qgd	1521	524570	11719	1507	0	0	591	0	2567	1968	0	4596	273	0	0	206	1025	0	0
Lagg_320_N_220721_7262022_07.qgd	6489	563026	94546	45168	510660	0	947	929	4536	2649	55560	10056	0	0	1879	7092	0	1620	0
Lagg_320_N_220721_7262022_26.qgd	2323	61680	16844	8530	91670	0	0	0	0	1828	0	2992	0	0	724	1981	571	776	0
Lagg_322_D_220721_7272022_12.qgd	0	5423	0	634	0	0	0	0	0	0	5153	0	0	0	0	246	0	0	0
Lagg_322_N_220721_7262022_06.qgd	8512	372570	49145	87231	1107334	4451	961	485	15728	27403	433955	20290	0	0	3901	19131	0	3550	0
Lagg_323_D_220721_7282022_03.qgd	475	14898	0	1810	0	0	0	0	0	560	0	0	0	0	0	0	0	0	0
Lagg_323_N_220721_7262022_22.qgd	0	77712	6043	9299	137561	2742	0	0	0	4607	56497	0	0	0	2569	2227	0	569	0
Lagg_325_D_220721_7262022_16.qgd	0	82549	11549	13920	0	0	369	0	442	1210	0	0	0	0	0	0	315	1101	0
Lagg_33_210715_8222021_11.qgd	104693	478642	235807	20874	27307	394874	68813	0	152463	86471	0	374880	0	66742	0	2814	8452	0	0
Lagg_332_D_220721_7262022_07.qgd	16961	194200	127515	13383	38731	16458	3542	2310	233271	0	0	111248	0	1811	3168	1664	0	1211	0
Lagg_332_N_220721_7252022_16.qgd	2970	73158	15967	7907	66314	0	0	2099	3480	0	9708	10021	0	0	1653	1820	0	0	0
Lagg_334_D_220721_7252022_13.qgd	0	99365	10746	20185	222102	0	0	0	1035	1807	9893	125	0	0	1338	3861	0	897	0
Lagg_334_D_220721_7262022_10.qgd	13167	229399	36403	3879	3879	0	19617	0	17375	0	1398	823	9032	10111	910	447	0	2098	0
Lagg_337_D_220721_7262022_09.qgd	72735	114533	30876	3430	0	5560	1504	0	897	0	11449	381	0	2323	0	516	929	0	0
Lagg_337_N_220721_7252022_12.qgd	2950	948307	55746	69480	780235	3470	492	0	473	14231	229776	0	0	0	2486	8529	0	2305	0
Lagg_34_210715_8242021_11.qgd	53160	1140422	131001	4406	6392	0	156359	2360	0	6723	0	244351	0	0	0	1751	6286	0	0
Lagg_341_D_220721_7262022_08.qgd	8403	85508	20248	3992	6547	7527	2326	0	29181	1093	12895	54272	0	5566	2735	507	688	0	0
Lagg_341_N_220721_7272022_17.qgd	3032	119422	36576	63846	728475	0	1063	0	1133	45943	1358835	647	0	0	2225	3970	0	1614	0
Lagg_344_D_220721_7282022_08.qgd	0	43617	0	2010	4667	0	0	0	665	2309	0	0	0	0	0	426	303	0	0
Lagg_344_N_220721_7272022_03.qgd	0	158978	111332	245509	2852399	7010	0	0	1984	28134	522253	0	0	0	8004	54350	384	7375	0
Lagg_35_210715_8222021_09.qgd	38546	7098535	113166	8540	4163	15917	3507	0	0	11265	0	179762	5495	3459	0	507	6500	0	0
Lagg_36_210715_8222021_05.qgd	0	498745	0	1403	1700	0	619	0	1718	1513	0	0	0	0	0	0	0	320	0
Lagg_38_210715_8232021_19.qgd	0	272772	36582	11218	7896	0	0	13801	6974	71264	0	0	10600	0	0	1445	3260	0	0
Lagg_39_210715_8222021_17.qgd	4977	70805	0	3701	6804	0	0	3425	0	0	0	0	0	0	0	0	0	0	0
Lagg_4_210724_8212021_19.qgd	22520	4370480	96924	20771	24574	0	14372	2273	37039	58121	0	0	0	0	0	3592	46960	0	0
Lagg_40_210715_8222021_18.qgd	32388	1885665	68233	10130	9423	0	0	0	0	44712	0	128194	0	8780	0	993	18597	0	0
Lagg_41_210715_8222021_19.qgd	53964	579282	59060	5918	8674	0	0	5924	7423	0	2687	179959	0	0	0	817	0	0	0
Lagg_415_N_220721_7282022_25.qgd	5130	304765	106759	223859	2577423	13941	0	1537	2452	70551	1408516	13972	1941	5865	16331	38890	0	5152	0
Lagg_43_210715_8242021_13.qgd	4682	144786	0	5847	3155	0	0	0	0	0	0	0	0	0	0	0	0	0	0
Lagg_44_210715_8232021_02.qgd	154192	887056	188110	13142	21742	89974	20187	0	0	24802	0	615178	88966	61722	6207	1895	0	0	0
Lagg_45_210715_8242021_14.qgd	35816	1262383	101723	7148	12468	0	180325	0	9367	6005	27788	749119	0	0	0	1167	10713	0	0
Lagg_46_210715_7282021_17.qgd	6178	90376	22191	105452	0	0	0	38134	0	20448	0	0	0	0	0	0	0	0	0
Lagg_5_210715_8222021_05.qgd	84880	5789836	76373	7211	0	0	0	0	5437	0	0	87541	0	0	0	0	71012	0	0
Lagg_539_D_220721_7252022_08.qgd	0	40360	0	789	0	0	0	0	1344	0	0	0	0	465	0	0	0	0	0
Lagg_539_N_220721_7262022_09.qgd	1070	154032	65294	140158	1677346	5903	1014	0	6586	5612	85764	3306	0	0	4128	26309	0	4359	0
Lagg_540_D_220721_7252022_03.qgd	2753	124744	20010	5209	10125	0	413	2453	1057	0	8389	6564	0	0	3007	851	524	1117	0
Lagg_540_N_220721_7262022_10.qgd	4142	1016509	157555	146302	1839571	15321	6540	0	0	57506	880221	0	0	0	5316	27262	0	5462	0
Lagg_541_D_220721_7272022_14.qgd	0	58589	0	4166	278	0	0	689	732	1303	0	0	0	0	0	207	0	0	0
Lagg_541_N_220721_7262022_01.qgd	0	50323	73662	173143	2060690	7335	0	0	1757	7958	131629	0	0	0	5721	30930	0	5140	0
Lagg_543_D_220721_7272022_25.qgd	1912	32288	0	1884	0	0	0	0	0	1680	0	7682	0	0	0	344	0	0	0
Lagg_543_N_220721_7272022_20.qgd	8228	528478	58730	56084	703858	13732	3315	0	12499	25935	540192	31927	899	4967	2498	11791	463	2327	0
Lagg_546_D_220721_7272022_23.qgd	3043	1671457	28219	1327	0	0	630	0	1313	0	0	10790	0	0	0	170	7538	0	0
Lagg_546_N_220721_7282022_18.qgd	0	6100	0	631	3923	0	0	0	213	306	0	0	0	0	371	90	0	613	0
Lagg_548_D_220721_7262022_12.qgd	0	139739	14007	24039	312605	4263	1074	501	7305	40526	979479	0	0	820	2711	2876	0	576	0
Lagg_550_D_220721_7272022_22.qgd	2431	863403	28290	2164	3245	0	631	4764	7250	0	0	787	0	0	0	308	0	0	0
Lagg_550_N_220721_7282022_15.qgd	776	80317	2546	811	0	0	0	0	3199	4271	0	0	0	0	710	0	0	0	0
Lagg_551_N_220721_7252022_17.qgd	1362	153429	103274	228160	2632636	8264	1347	944	3509	52185	1302694	0	0	1596	8102	48319	0	8106	0
Lagg_554_D_220721_7252022_09.qgd	0	25931	0	666	0	0	0	0	581	1076	0	0	0	0	0	0	0	0	0
Lagg_554_N_220721_7272022_19.qgd	4432	353923	88356	172114	2010012	9267	0	0	7427	43418	902186	11373	0	0	9209	32873	1179	8217	0
Lagg_557_D_220721_7252022_07.qgd	1353	307170	11083	3461	0	0	1539	0	4142	0	0	25150	0	0	0	322	2005	0	0
Lagg_562_D_220721_7262022_03.qgd	6601	529692	57366	5239	14522	0	1154	0	31170	0	0	22311	592	0	4013	1145	1570	0	0
Lagg_562_N_220721_7262022_03.qgd	3249	355415	44910	67558	845001	3153	0	786	11440	20012	330106	525	0	433	4321	11508	0	3602	0
Lagg_563_D_220721_7262022_11.qgd	51363	520003	70484	3229	6199	6682	124022	15142	1171	0	13908	4081	0	2567	1437	283	2482	0	0
Lagg_566_D_220721_7272022_11.qgd	2308	46163	6076	1671	3864	0	1991	14349	1827	3676	0	15593	0	0	0	0	0	0	0
Lagg_566_N_220721_7272022_18.qgd	10099	1668291	347473	171704	2137626	4496	14652	0	82394	33478	633077	25370	0	0	12835	32212	6764	4895	2405
Lagg_568_D_220721_7272022_13.qgd	1018	16325	2495	2257	4955	0	1504	0	934	996	0	0	0	0	1566	403	545	201	0
Lagg_568_N_220721_7252022_15.qgd	0	78801	5202	7790	89788	0	0	0	491	6089	104953	0	0	0	3590	1555	0	0	0
Lagg_574_D_220721_7262022_05.qgd	19174	478555	73203	5974	16005	17436	3500	0	112361	3825	52638	222475	0	2524	3760	1145	0	0	0
Lagg_574_N_220721_7252022_14.qgd	2048	212659	83690	153119	1715945	0	0	0	2509	4759	61884	0	0	0	5180	27821	0	5503	0
Lagg_584_D_220721_7262022_19.qgd	1971	408932	11873	18219	0	0	266	0	0	1116	0	6025	0	0	0	172	996	0	0
Lagg_584_N_220721_7252022_19.qgd	0	7835	0	1202	10079	0	0	0	0	5711	0	0	0	0	0	0	0	0	0
Lagg_585_D_220721_7252022_11.qgd	3540	46894	13183	27537	0	0	0	24762	0	0	0	25833	0	0	0	247	1126	0	0
Lagg_585_N_220721_7252022_18.qgd	0	51185	5885	11574	129332	0	0	0	2066	0	30719	0	0	0	653	2439	0	656	0
Lagg_588_D_220721_7282022_11.qgd	1015	479100	3053	741	1416	970	114	20573	411	0	0	4511	0	0	0	181	658	284	0
Lagg_588_N_220721_7282022_23.qgd	1260	36188	5856	8423	0	0	337	0	1335	1390	6110	2702	0	0	2115	212	463	419	0
Lagg_589_D_220721_7282022_02.qgd	0	53879	0	254	0	0	0	0	0	1368	0	4007	0	0	543	0	0	0	0
Lagg_589_N_220721_7282022_21.qgd	2764	78221	25452	26022	282532	0	0	0	0	0	14897	0	0	0	11308	5138	5775	0	0
Lagg_590_D_220721_7282022_12.qgd	0	28434	4354	2128	6348	0	0	0	465	1403	11236	0	0	0	936	86	137	0	0
Lagg_590_N_220721_7272022_16.qgd	0	14844	0	2456	0	0	0	0	0	3906	0	0	0	0	0	0	0	0	0
Lagg_593_D_220721_7252022_10.qgd	0	175997	0	3194	0	0	1365	28149	14452	0	613	0	0	0	0	0	0	0	0
Lagg_593_N_220721_7252022_20.qgd	3412	83174	127384	285288	2777477	0	0	0	0	53466	935665	9437	0	0	15508	46713	1412	12865	12106
Lagg_596_D_220721_7272022_26.qgd	0	64958	6597	19522	71892	0	0	0	0	2871	0	0	0	0	7028	3424	0	749	0
Lagg_596_N_220721_7282022_20.qgd	1461	28755	8386	1596	1322	0	212	0	0	19225	0	4134	0	0	0	266	0	0	0
Lagg_598_D_220721_7262022_06.qgd	12309	209991	66302	8326	43912	0	13246	0	5544	0	0	68905	0	2177	20090	969	0	6231	0
Lagg_598_D_220721_7282022_04.qgd	1615	11483	0	2264	7386	0	0	0	0	1930	0	14178	0	0	0	370	0	0	0
Lagg_598_N_220721_7262022_25.qgd	2557	34177	13163	2642	23503	0	0	0	599	2654	0	0	0	0	0	445	427	0	0
Lagg_599_D_220721_7252022_05.qgd	1218	54979	0	1614	0	0	390	0	956	2670	0	0	0	0	0	411	0	0	0
Lagg_599_N_220721_7272022_06.qgd	3703	42334	23984	15543	158033	0	377	0	0	0	0	0	0	0	1570	1897	412	894	0
Lagg_6_210721_8212021_16.qgd	110862	1345299	312494	104506	174718	0	14567	0	156279	55978	526878	0	41684	13327	15732	16583	18457	0	0
Lagg_601_D_220721_7282022_14.qgd	1387	205449	12422	7997	21552	0	1397	0	28873	1597	0	11407	0	1107	2997	923	0	0	0
Lagg_601_N_220721_7272022_05.qgd	0	4618	0	9197	111490	0	0	0	1247	791	16290	0	0	0	2469	1277	0	581	0
Lagg_607_N_220721_7262022_21.qgd	530	44671	7539	12047	134278	0	0	0	0	0	0	0	0	0	5012	2012	1575	0	0
Lagg_608_D_220721_7282022_09.qgd	39747	134046	52329	6250	16126	0	11804	4483	31826	2553	0	248890	23344	4503	4496	1046	851	632	0
Lagg_608_N_220721_7272022_07.qgd	3469	58626	49845	68423	712871	0	381	0	788	3635	0	0	0	0	2935	12097	566	2552	0
Lagg_613_D_220721_7282022_07.qgd	2026	71888	14128	7391	22655	4990	744	0	2144	1757	0	8576	0	1493	3620	1093	315	475	0
Lagg_613_N_220721_7272022_01.qgd	0	35999	23864	48676	573405	2325	0	1075	0	952	14609	0	0	0	1720	7473	0	1929	0
Lagg_614_D_220721_7282022_06.qgd	397	14276	0	852	0	0	0	0	0	0	0	0	0	0	0	0	600	0	0
Lagg_614_N_220721_7272022_02.qgd	0	2761	0	6305	69015	0	0	0	241	2774	0	0	0	0	621	1651	398	568	0
Lagg_615_D_220721_7252022_06.qgd	0	469415	4148	354	0	0	0	0	1112	1299	0	0	75	0	0	82	0	0	0
Lagg_615_N_220721_7272022_04.qgd	1387	103263	52843	85114	849048	0	0	0	418	1868	10837	396	0	402	2342	9264	449	2083	0
Lagg_616_D_220721_7282022_10.qgd	3710	61029	23148	3824	5663	0	1433	0	2998	5893	0	0	0	0	0	522	1015	0	0
Lagg_616_N_220721_7272022_09.qgd	1447	63008	41705	88052	885076	0	0	0	0	0	34871	0	0	0	20627	15949	4528	0	0
Lagg_7_210718_8212021_13.qgd	16251	205646	0	16736	38262	0	0	0	34894	0	242432	0	0	0	0	2925	0	0	0
Lagg_76_D_220721_7282022_01.qgd	0	348904	0	4150	0	0	0	412	2284	0	0	3505	0	0	0	0	1123	479	0
Lagg_76_N_220721_7262022_23.qgd	1716	30184	11325	2830	22929	0	0	0	266	2227	0	0	0	0	0	549	0	0	0
Lagg_8_210717_8212021_12.qgd	0	113518	0	5133	1186	0	0	0	0	0	0	0	0	0	0	0	0	0	0
Lagg_9_210720_8212021_15.qgd	13449	130123	0	12175	0	0	0	6717	13720	0	0	0	0	0	0	0	0	1228	0
Lagg_near85_D_220721_7282022_05.qgd	0	70988	3920	2364	7174	0	836	7469	3096	14797	0	0	0	1199	0	350	0	0	0
Lagg_near85_N_220721_7272022_08.qgd	1283	46406	37965	81053	1004943	0	760	0	1059	20166	458921	0	0	1616	4117	15811	1769	3530	11339
line_2217_Ihyb_200715_7162021_19.qgd	93041	23059	0	21573	40180	0	15838	7599	13858	125214	0	0	0	25024	0	3328	16052	0	408561
line_2283_Ihyb_200716_7142021_11.qgd	0	81377	0	33003	356468	0	0	0	2846	50746	37558	0	0	0	4331	5273	0	2640	0
line_381_Ihyb_200716_7142021_10.qgd	5270	300077	60780	91155	1094968	0	4022	0	16468	20651	471983	0	1383	0	9026	10042	0	6325	0
nolabel_Ihyb_200721_7142021_19.qgd	24307	85741	0	14133	54792	0	2035	0	3648	32211	46890	0	0	4486	4458	1122	6827	0	0
PGVF_10_8302023_02.qgd	0	866678	9973	3140	2690	0	0	0	1628	10865	0	8610	0	0	0	494	6939	0	0
PGVF_100_8302023_13.qgd	10524	242806	0	18685	97167	0	4163	0	0	53525	51142	0	0	0	12066	4000	11645	0	0
PGVF_101_8292023_15.qgd	13878	235250	60024	0	23766	0	9332	0	0	33468	0	190852	9781	9474	0	838	8360	0	0
PGVF_102_8292023_17.qgd	15349	345625	265969	22638	38796	0	5577	0	26478	34053	0	158811	0	5288	4525	4849	1646	0	0
PGVF_103_8292023_07.qgd	13034	477923	26538	0	0	0	1790	0	0	2115	0	133971	7366	2702	0	209	5398	0	0
PGVF_104_8292023_14.qgd	35748	543613	385715	12860	35513	0	15530	0	0	73264	0	227177	0	9115	10610	2362	16428	0	0
PGVF_105_8292023_16.qgd	10056	626479	30209	0	0	0	18713	0	0	9747	0	127674	0	4294	0	0	12996	0	0
PGVF_107_8302023_11.qgd	0	466009	124978	56490	403623	0	5692	0	0	39909	146408	33569	0	3395	20484	9414	12344	8767	0
PGVF_108_8302023_07.qgd	0	176756	43860	174531	0	0	0	0	0	7609	0	646	0	0	0	211	4664	0	0
PGVF_109_8302023_06.qgd	0	48380	8562	886	0	0	0	0	0	45941	0	0	0	0	0	166	0	0	0
PGVF_11_8302023_04.qgd	0	905791	15323	2610	0	0	2855	0	16650	23695	2254	15945	0	2310	0	341	2370	0	0
PGVF_110_8302023_12.qgd	17540	313298	48807	37359	277929	0	2963	0	0	14419	281436	4099	6458	5830	12197	0	3351	3609	0
PGVF_111_8302023_10.qgd	0	260031	47349	104048	897223	0	748	0	7698	23317	449627	63045	0	0	25404	11942	2340	7872	0
PGVF_112_8302023_13.qgd	0	578530	127077	225883	2418832	0	1587	0	12237	13828	141304	21770	0	0	49103	43080	3988	14867	0
PGVF_113_8302023_08.qgd	1126	282170	11755	11650	127559	0	0	0	0	16239	0	2025	0	0	2081	2168	1290	1504	0
PGVF_114_8302023_14.qgd	7473	1551547	506932	895280	7779287	44087	11459	0	113606	78756	1354897	63635	0	0	135427	175132	13248	41912	10019
PGVF_12_8292023_26.qgd	0	2910833	0	9361	0	0	0	0	0	0	0	0	0	0	0	5868	5232	0	0
PGVF_120_8312023_12.qgd	11044	365891	57477	0	23014	0	1798	0	0	41808	0	0	0	0	0	941	6022	0	0
PGVF_123_8302023_22.qgd	8556	233648	108706	61111	484158	0	677	0	0	5300	8555	28012	2726	1099	22228	13040	2455	7635	0
PGVF_124_8302023_23.qgd	0	475277	0	2709	18605	0	0	0	0	2370	0	1645	0	0	4649	0	8384	0	0
PGVF_127_8302023_25.qgd	28051	674765	336790	15008	17617	0	7811	0	36936	68735	0	428689	20065	13403	0	2783	30338	0	12017
PGVF_13_8242023_08.qgd	10018	188239	83002	8243	23907	0	7947	0	0	95705	0	46586	0	1398	0	808	23193	0	0
PGVF_131_8232023_18.qgd	878	85459	66530	87458	953726	0	0	0	0	13161	0	0	0	0	9479	12554	720	3070	0
PGVF_14_8242023_03.qgd	26852	944232	0	0	3295	0	2299	0	0	0	0	96755	0	0	0	458	7651	0	0
PGVF_15_8242023_05.qgd	9308	1275403	0	4671	0	0	13688	0	23561	0	4293	149152	13444	53888	0	0	13274	0	0
PGVF_16_8242023_04.qgd	12733	238193	61759	0	25524	0	8976	0	0	58689	0	98910	0	0	0	904	7689	0	0
PGVF_17_8242023_09.qgd	8573	577414	104271	11860	9855	0	18112	0	7595	72914	0	64878	0	8258	0	1426	6511	0	0
PGVF_18_8242023_07.qgd	7182	1648267	19781	4163	0	0	1203	0	1772	13375	0	9654	0	0	0	470	10611	0	0
PGVF_19_8292023_04.qgd	20728	233081	113952	14188	22658	0	7167	0	16309	30782	0	140079	0	3619	0	1800	6571	0	0
PGVF_2_8302023_21.qgd	7048	675156	114845	111905	909455	0	4982	0	0	31564	104308	0	0	3916	34056	14739	5496	10378	0
PGVF_20_8292023_18.qgd	3074	716825	201784	412869	3278741	0	3046	0	16217	31423	432717	0	0	0	47147	50503	5840	15344	0
PGVF_21_8242023_01.qgd	20825	391549	63032	265117	36238	0	16538	0	8553	75040	0	42955	0	7474	0	1781	6628	0	0
PGVF_21_8292023_01.qgd	16166	360213	66832	14769	34931	0	10667	1590	0	70950	0	0	0	0	0	2086	7449	0	0
PGVF_22_8292023_10.qgd	2037	204793	19537	4160	0	0	2288	0	4407	12845	3888	974	0	818	0	644	3191	704	0
PGVF_23_8242023_02.qgd	2780	555419	26283	3585	11340	0	6725	0	3114	24914	0	13719	0	0	0	393	20494	0	0
PGVF_24_8242023_11.qgd	0	211363	0	2768	0	0	0	0	0	4084	0	8727	0	1379	0	922	1823	0	0
PGVF_25_8292023_12.qgd	59573	598922	167498	13019	31501	0	8819	0	72748	37245	15106	1019296	0	10189	7294	2713	17578	0	0
PGVF_26_8292023_13.qgd	16118	114313	58453	12678	21520	0	874	0	4814	9219	0	96379	4607	1443	4314	1580	2160	0	0
PGVF_27_8292023_11.qgd	4119	332807	18821	4099	0	0	3726	0	4247	11134	0	20046	0	0	0	402	3280	0	0
PGVF_28_8242023_10.qgd	0	29696	0	0	0	0	0	0	0	7519	0	1215	0	0	0	437	1290	0	0
PGVF_29_8292023_05.qgd	18340	480289	49045	3448	2396	0	5673	0	0	12415	2968	4595	118409	3202	0	706	2776	0	0
PGVF_30_8292023_06.qgd	8278	426982	36138	10064	17778	0	1620	0	7274	0	0	59998	7331	0	4745	1203	468	0	0
PGVF_31_8312023_02.qgd	0	177037	14023	2698	2628	0	0	0	0	20712	0	0	0	0	0	0	1895	0	0
PGVF_33_8312023_06.qgd	3401	125809	0	2655	0	0	0	88775	0	0	0	57808	0	6507	0	494	5168	0	8164
PGVF_34_8242023_13.qgd	7131	178719	55258	12772	76238	0	1216	0	0	14548	0	10730	0	0	2636	1390	467	0	0
PGVF_34_8292023_02.qgd	0	2458735	0	6210	0	0	0	0	0	0	0	94005	2273	917	0	2159	82905	0	0
PGVF_35_8312023_01.qgd	3581	375455	28610	3928	12438	0	1623	0	15165	39426	0	41042	0	5479	0	1001	2851	0	0
PGVF_36_8292023_24.qgd	0	128188	0	3492	0	0	0	0	0	21419	0	7550	0	0	0	881	1838	383	0
PGVF_37_8292023_25.qgd	3296	106760	0	1923	0	0	0	0	2079	33694	0	49200	5076	3409	0	0	2926	0	0
PGVF_38_8302023_06.qgd	3562	606481	0	3356	7593	0	641	0	0	24114	0	17367	0	876	0	764	57345	0	0
PGVF_39_8302023_02.qgd	4551	266598	72670	10558	8245	0	4449	0	3529	19731	0	12456	0	3269	0	895	1938	0	0
PGVF_4_8312023_10.qgd	0	47934	0	24927	0	0	0	0	0	4824	0	1633	0	973	0	463	4915	0	0
PGVF_41_8302023_01.qgd	0	43507	0	0	0	0	0	0	2285	11104	0	2597	0	0	0	0	974	0	0
PGVF_42_8242023_14.qgd	0	428729	54063	5328	25301	0	9252	0	0	84861	0	21956	0	3536	0	1314	4277	0	0
PGVF_42_8292023_03.qgd	33728	120604	60575	8447	7631	0	7169	0	0	83407	0	497093	10178	2480	0	1129	4982	0	0
PGVF_44_8302023_05.qgd	7748	265460	73028	45071	333416	0	3949	0	0	87895	0	18452	0	2460	16653	9051	4189	0	0
PGVF_45_8312023_14.qgd	5805	233427	42530	4601	8687	0	5555	287812	0	55306	0	67824	0	3998	0	637	4503	0	0
PGVF_5_8242023_15.qgd	0	6100469	0	33284	0	0	0	0	0	25026	0	0	0	0	0	23856	288500	0	0
PGVF_5_8312023_07.qgd	2551	381676	59807	8475	6895	0	2714	0	0	22017	0	0	0	3843	0	759	6060	0	0
PGVF_51_8302023_20.qgd	0	792576	70235	70415	658691	0	627	0	2780	7120	32096	5801	0	0	9286	10396	5463	8166	0
PGVF_51redo_8312023_20.qgd	8299	567444	254204	150071	1432252	92723	7122	0	36087	87707	1684347	71458	0	28397	21561	20150	6123	6775	0
PGVF_52_8292023_08.qgd	2378	963842	130288	200961	2404887	0	0	0	6202	43268	794891	6275	0	2834	15463	22357	6510	5844	2300
PGVF_54_8292023_27.qgd	0	89978	0	0	0	0	0	0	0	0	0	0	0	0	0	0	266	0	0
PGVF_61_8232023_16.qgd	0	1161287	27659	7389	65771	0	0	0	0	0	0	0	0	0	0	1199	3036	0	0
PGVF_61_8242023_16.qgd	0	200558	57159	6720	31532	0	6152	0	0	54656	0	0	0	4366	0	824	6158	0	0
PGVF_63_8312023_08.qgd	0	34797	0	9305	0	0	0	0	20965	21996	5834	0	1644	0	13377	0	1205	1872	0
PGVF_64_8312023_09.qgd	0	4887559	19769	23695	0	0	0	55380	7081	0	6197	68366	0	0	0	17927	10544	0	0
PGVF_65_8312023_13.qgd	0	544118	7129	2674	0	0	0	71792	5266	0	0	4500	0	0	585	731	5607	0	0
PGVF_67_8312023_05.qgd	11480	243748	76377	14522	20614	0	3312	36019	3230	38212	0	84491	0	7170	0	1811	4970	0	0
PGVF_69redo_8312023_23.qgd	0	600528	0	747	0	0	0	42482	12100	8763	0	0	0	3145	0	435	9571	0	0
PGVF_7_8312023_04.qgd	0	256376	34717	8375	21534	0	12210	0	8934	33360	9259	22846	0	6560	6237	901	4141	0	0
PGVF_71_8232023_19.qgd	0	129979	35081	77263	815351	0	428	0	0	13357	0	1921	0	0	13559	11450	1359	3317	0
PGVF_72_8232023_20.qgd	0	331539	26077	37085	360418	0	0	0	1584	32246	487569	1393	0	0	15824	5927	8422	5095	0
PGVF_73_8312023_21.qgd	0	288462	0	5824	0	0	1780	0	31648	9072	6506	120003	0	3212	0	653	2534	0	0
PGVF_74_8312023_17.qgd	62806	6412356	848563	19449	12812	24441	27294	0	85096	0	0	396053	266119	21120	9234	5012	68467	0	0
PGVF_75_8312023_16.qgd	13035	587615	207993	13174	22444	29603	11182	0	196557	0	12619	521534	0	3780	2494	2317	21263	0	0
PGVF_76_8312023_19.qgd	36141	982661	363242	9926	0	49278	30592	333057	33687	3210	7723	507810	0	7017	4940	1659	16675	0	0
PGVF_77_8312023_15.qgd	4380	158290	39829	5790	14211	0	0	5201	0	11765	0	5224	0	0	0	702	2177	0	0
PGVF_78_8312023_18.qgd	13859	1027714	46039	8181	13788	0	5035	0	30318	24034	0	106055	0	3563	0	810	3125	0	0
PGVF_79_8292023_09.qgd	9813	155856	74437	8973	21512	0	6746	0	0	10591	0	109136	4384	0	2043	1189	5225	0	0
PGVF_79_redo_8302023_09.qgd	10682	373706	398736	642725	5488915	0	4196	0	15568	80814	1319033	0	0	0	140591	125742	6923	45967	0
PGVF_8_8312023_03.qgd	0	417361	18779	4422	0	0	1434	0	0	22215	0	37281	0	1543	0	566	1966	0	0
PGVF_81_8292023_23.qgd	7192	410461	70956	13782	16972	0	10240	0	0	128264	0	21620	0	8956	2428	1599	4113	0	0
PGVF_82_8232023_17.qgd	0	136726	83330	153322	1439622	0	0	0	0	0	131482	0	0	2466	20634	17344	1929	6696	0
PGVF_83_8302023_19.qgd	3711	260269	201169	276171	2707271	0	2095	0	0	0	242948	86698	0	5008	61198	51276	6796	17570	0
PGVF_84_8302023_17.qgd	6581	286692	358673	141086	1322779	0	567	0	0	15070	49211	39505	1982	2334	23092	23079	4363	6530	0
PGVF_85_8302023_18.qgd	2574	228	31423	5803	29344	0	0	825	0	18695	0	6948	0	1676	3213	782	2378	0	0
PGVF_86_8292023_20.qgd	33352	2428835	153771	63731	717723	0	8005	0	17389	17533	34022	118286	0	7405	13370	7514	22181	5260	0
PGVF_87_8292023_21.qgd	0	272815	31957	39196	395323	0	0	0	0	30831	312408	18942	0	0	16127	6100	8568	3640	0
PGVF_88_8292023_19.qgd	6022	351806	105312	19829	86174	0	5819	0	0	95157	0	17105	0	4166	10664	3090	6341	0	0
PGVF_89_8292023_22.qgd	1806	688109	10061	6188	59293	0	0	0	0	8314	60246	2164	0	1274	1735	677	2442	0	0
PGVF_9_8302023_01.qgd	0	756289	0	3257	0	0	3501	0	4578	0	0	5879	0	0	12773	1498	1713	0	0
PGVF_90_8232023_22.qgd	0	164842	19782	24625	250945	0	0	0	0	6185	0	2600	0	0	2310	2450	1378	1144	0
PGVF_91_redo_8302023_09.qgd	3289	289765	87676	104744	982960	0	2293	0	0	194474	3004894	22023	0	2799	15574	19316	5967	5082	0
PGVF_92_8302023_10.qgd	2271	731337	88676	19619	163644	28530	4756	0	0	31276	750941	6609	0	5872	5057	5069	1723	927	0
PGVF_93_8302023_16.qgd	9725	539350	302512	349941	3112458	0	2790	0	3772	87718	170114	0	0	0	52345	68827	4312	14489	0
PGVF_95_8302023_11.qgd	19852	1277068	328071	256107	2893596	74450	11836	0	132795	176536	2889645	289332	7253	7389	36816	47861	3262	14176	0
PGVF_95redo_8312023_11.qgd	0	1455697	200594	342398	3654262	17582	1619	0	31460	14705	309452	8041	0	3506	12870	62831	8646	9748	0
PGVF_96_8302023_14.qgd	5938	325503	83355	128556	1401671	0	0	0	0	16208	229308	120948	5716	2369	26018	29019	3737	7131	0
PGVF_97_8302023_15.qgd	6359	595057	171608	309002	2914411	0	0	0	0	245849	2979684	34505	18515	0	83653	56363	10685	20314	11479
PGVF_98_8302023_12.qgd	5275	263564	251637	424359	3838076	0	3816	0	9564	428522	5149756	1801	0	5899	34165	16276	6735	11027	0
PGVF_99_8302023_07.qgd	5290	340780	166135	109551	853578	0	4110	2509	0	25133	216568	17048	0	3178	15770	14520	7313	7209	0
VF_10_118_200717_7152021_20.qgd	0	82019	0	9739	0	0	0	0	0	5166	0	0	0	0	0	0	0	0	0
VF_10D_170710_8252021_04.qgd	77307	142698	0	184291	48687	0	0	72501	23933	228495	0	243507	0	65050	0	2851	10404	0	101946
VF_11_200717_7162021_31.qgd	0	1500313	35682	3842	0	0	0	5834	40630	7916	0	17760	0	0	0	456	13996	0	0
VF_11D_170710_8252021_05.qgd	252399	158504	0	382088	36724	0	0	0	0	90518	0	0	0	45591	0	0	27363	0	375537
VF_12D_170710_8252021_09.qgd	127693	169246	0	190691	47145	0	0	17533	0	0	0	0	0	0	0	0	25232	0	327957
VF_13_200717_7162021_30.qgd	35967	230287	83198	12407	34198	0	15706	0	493691	0	0	227280	0	4993	7526	2169	5011	0	29285
VF_13D_170710_8252021_08.qgd	55443	267632	0	463588	0	0	83624	0	68590	221878	0	134933	37004	40438	0	0	15356	62738	184386
VF_14_200717_7162021_29.qgd	0	2602587	49569	2227	2147	0	0	0	8595	0	0	7043	0	0	0	316	32078	0	0
VF_14_210720_redo_7272021_09.qgd	0	450690	109166	28615	101138	31313	15672	375203	51878	0	5739	106076	0	12119	17251	4658	1676	2774	16870
VF_16_200717_7162021_27.qgd	0	255814	0	633526	0	0	5585	74251	27013	44660	0	84015	0	23179	0	7235	14593	38627	0
VF_17_125_200717_782021_35.qgd	0	1616478	37070	3093	867	0	1037	53941	33428	0	0	0	1351	0	0	419	53085	0	0
VF_174_D_220801_842022_24.qgd	6074	200221	49700	25493	128207	0	864	220	2495	6095	76937	15173	2133	0	8183	6026	483	1625	0
VF_174_N_220802_852022_23.qgd	2424	472836	51911	93899	1039337	0	821	0	8581	8809	0	0	0	0	2904	15736	2276	3472	0
VF_1N_170731_8242021_19.qgd	75733	162643	236254	254913	1550843	0	3758	33880	0	69183	900129	0	0	0	207837	48378	5937	66766	108097
VF_2_210720_7282021_18.qgd	0	2067109	49839	95678	282559	0	0	38023	5126	27981	0	0	0	0	17027	13674	0	2648	12822
VF_21_129_200717_7152021_18.qgd	10668	142630	0	2749	0	0	27164	0	68457	0	40184	65943	13765	2909	3009	698	3433	0	0
VF_21_210720_7272021_02.qgd	92135	534255	107460	29440	90877	30862	3700	1271785	280216	0	0	7801	0	0	15711	3932	4434	2197	0
VF_22D_170710_8252021_10.qgd	0	166896	0	53067	22019	0	0	0	0	37555	0	0	0	30470	0	0	0	0	72491
VF_23D_170710_8252021_11.qgd	38669	288344	0	298251	17708	0	0	0	0	0	0	0	0	16641	0	0	4679	0	169978
VF_3_32_200717_7152021_17.qgd	31716	226637	176525	18612	58283	27452	2518	135155	3101	10335	2204	12203	0	18125	1247	2256	3466	0	0
VF_30N_170731_8252021_03.qgd	149697	1015944	419974	230246	1046405	0	14623	0	91950	0	464659	0	0	30903	95489	36452	43275	0	509577
VF_31N_170731_8252021_02.qgd	102703	188463	0	68681	306157	0	4970	42958	0	92923	125824	0	0	19556	173661	0	11563	0	0
VF_35D_170710_8252021_12.qgd	44329	53821	0	35275	6265	0	1948	0	0	30723	0	0	0	0	0	2946	0	0	76059
VF_36D_170710_8252021_13.qgd	106598	296740	0	264351	0	0	0	36455	0	101121	0	0	0	31339	0	0	7797	0	177015
VF_37D_170710_8252021_14.qgd	135324	409486	0	189246	15345	0	9174	0	24503	33543	0	0	0	32506	0	0	16603	0	58683
VF_4_129_200717_7152021_16.qgd	0	1507723	13576	915	0	0	0	35293	5435	0	0	5337	0	0	0	0	22504	0	0
VF_427_D_220801_842022_21.qgd	21088	363003	43177	8869	19396	28944	8078	18518	73516	0	3836	202629	0	4663	0	1206	0	0	0
VF_427_N_220802_852022_07.qgd	1508	167255	91101	189692	2173267	0	0	1021	0	18074	284770	296	0	0	4937	27668	0	4573	0
VF_429_N_220802_852022_12.qgd	1109	189140	80696	174630	2151031	0	0	38636	3354	18976	262070	0	0	0	5553	31214	0	5927	0
VF_430_D_220801_852022_02.qgd	0	463	0	97	0	0	0	0	928	1138	0	0	0	0	0	0	0	0	0
VF_430_N_220802_852022_15.qgd	573	24244	0	25750	3619	0	0	0	543	5694	0	0	0	0	0	164	0	0	0
VF_432_D_220801_842022_26.qgd	3397	25091	8936	4912	14278	0	1211	50983	1042	18689	0	43146	0	0	3336	713	586	496	0
VF_432redo_N_220802_862022_09.qgd	4539	105413	25228	47816	557501	0	0	17129	1752	3983	55398	0	0	0	2554	5516	0	2332	0
VF_440_D_220801_842022_25.qgd	6917	120426	18539	2368	6588	0	1426	3707	0	4618	0	43391	0	588	2169	499	737	0	0
VF_440_N_220802_852022_24.qgd	13562	194314	39790	33754	144474	9574	2019	5125	32038	0	0	30071	0	0	8787	6188	1037	1980	0
VF_440redo_D_220801_852022_25.qgd	1362	174185	25425	48132	584397	0	0	8749	4099	0	51090	0	0	0	2046	7462	0	1833	0
VF_466_D_220801_842022_18.qgd	3616	228220	18283	5594	13500	0	1544	11347	13876	0	0	15086	0	0	0	754	0	1974	0
VF_466_N_220802_852022_29.qgd	9101	673421	48792	24990	269666	0	938	0	176476	0	39412	27323	0	0	1985	3477	0	1200	0
VF_469_D_220801_842022_16.qgd	32469	949185	134731	22262	73802	16752	3077	1113414	136733	0	9383	4672	48503	0	11338	4233	3439	2227	0
VF_469_N_220802_852022_16.qgd	0	145229	34006	64767	677904	0	0	5579	808	1778	9763	0	0	0	3412	4931	297	2500	0
VF_471_D_220801_842022_15.qgd	6479	227237	13402	2534	2464	0	2831	43614	55063	2701	0	10390	1722	0	0	331	690	4710	0
VF_48D_170710_8252021_15.qgd	83842	34561	0	36978	29033	0	0	4247	0	97209	0	0	0	0	0	1814	0	0	29789
VF_49D_170710_8252021_16.qgd	138366	308852	0	739140	0	0	9249	52474	11750	0	0	0	0	25441	0	0	7564	0	0
VF_50_210804_8232021_17.qgd	54509	5450074	365057	379697	4013473	0	0	0	21586	68086	804636	0	0	0	23341	56949	10883	17022	0
VF_51_210804_8232021_18.qgd	82124	205224	188706	301571	3489288	0	13630	0	356385	29817	788544	20159	0	0	24181	8418	0	7061	0
VF_53_210804_8232021_10.qgd	0	1130796	429216	849648	7933390	0	2333	37609	6909	22364	272259	0	0	0	43243	129051	0	29776	0
VF_54_210804_8232021_15.qgd	26381	6683946	389232	284401	3036660	22066	1322	119778	12173	9776	144588	9581	0	0	14525	27240	6449	10513	0
VF_55_2021_8222021_20.qgd	12921	8475381	364836	119370	1188515	0	2759	7684	43294	6804	62300	28596	0	0	11889	23649	21256	5837	0
VF_56_210804_8232021_05.qgd	0	7632279	378727	227379	2455970	0	31127	8764	238007	56301	0	0	0	0	20442	34967	19037	12928	0
VF_57_210804_8232021_03.qgd	0	3647994	382767	106121	1124565	0	7383	105376	19110	24866	0	0	0	0	12645	24495	7283	8848	0
VF_58_210804_8232021_14.qgd	0	396215	11530	43580	12126	0	0	0	0	55385	0	0	0	0	0	951	0	0	13770
VF_59_210804_8232021_06.qgd	0	103154	19396	42745	459874	0	0	18578	0	0	0	0	0	0	7215	7494	0	3896	0
VF_6_210720_7272021_03.qgd	0	341322	0	6245	11031	0	0	2660	7204	13109	0	0	0	0	0	0	3680	0	15562
VF_60_210804_8232021_09.qgd	24439	902870	52123	90325	1084428	0	0	145936	0	0	192911	2009	0	0	10175	16289	0	5517	0
VF_61_210804_8232021_07.qgd	0	679598	249908	413082	4531522	0	4089	123931	12608	71747	175620	0	0	0	17782	53071	5275	11511	0
VF_63_210804_8232021_12.qgd	18167	1675557	198631	336439	4001283	0	14907	6302	40220	6527	196717	5170	0	0	7795	37329	1658	7021	0
VF_64_210804_8232021_16.qgd	0	2038499	543788	844306	9007824	0	0	7062	174782	22476	271243	0	0	0	31936	132798	3270	23891	0
VF_65_210804_8232021_11.qgd	0	1497574	206282	253923	2926393	0	10700	407954	75942	24036	335725	0	0	1555	12047	14856	804	7742	0
VF_66_210804_8232021_13.qgd	67603	790901	109286	190157	2231583	0	3745	0	82458	106100	2586788	20851	0	0	11860	21451	0	6537	0
VF_67_210804_8232021_20.qgd	3790	114709	195922	381257	4620897	0	0	9435	7149	229274	5421803	0	3421	0	31170	63488	0	9612	0
VF_68_210804_8232021_04.qgd	0	713250	70196	58230	636550	0	3754	9466	16635	53417	0	7605	0	0	7907	15441	4624	0	25280
VF_69_2021_8222021_19.qgd	0	691317	18862	22875	271751	0	0	2312	7056	9754	20927	0	0	0	12180	4250	2483	2121	0
VF_7_200717_7162021_28.qgd	0	779599	445546	6650	10451	50214	68172	0	548981	0	4216	31411	0	10025	7217	1065	0	2405	0
VF_7_210720_7272021_05.qgd	0	1564877	20978	22756	4140	0	0	0	5476	20916	0	0	0	0	0	0	0	0	0
VF_70_210804_8232021_08.qgd	25111	441359	144917	172563	2054531	0	1731	118030	57804	39546	934642	0	8239	0	22380	22324	3474	7237	0
VF_72_2021_8222021_12.qgd	78773	1054440	179632	342348	3923698	0	0	0	60754	71693	1488689	0	0	0	19989	44170	0	14261	0
VF_8_210720_7272021_04.qgd	0	510886	9278	3148	0	0	0	0	4823	21365	0	0	0	0	0	855	0	0	0
VF_9_117_200717_7152021_19.qgd	1711	234167	35731	3702	6791	9544	1724	31552	16146	1836	0	48238	4131	1461	0	448	0	0	0
VF_961_D_220801_852022_01.qgd	26743	597453	140661	10085	33814	0	10620	0	94439	7434	14990	22898	0	0	5270	1447	2923	1012	0
VF_966_D_220801_842022_27.qgd	3726	150147	11247	3859	10980	0	0	402	13979	2631	0	0	0	0	0	634	0	0	0
VF_967_D_220801_852022_05.qgd	1379	359484	9658	9939	27933	0	910	29034	5986	0	0	0	374	0	4858	1347	1381	928	0
VF_967_N_220802_852022_11.qgd	7660	302064	36941	18994	204313	0	0	0	38259	6556	0	0	0	0	6221	4190	0	1292	0
VF_971_N_220802_852022_22.qgd	0	181971	42611	59156	750780	0	269	3413	2132	5126	21138	0	0	0	3115	14083	469	3429	0
VF_975_D_220801_852022_06.qgd	3165	121975	64408	152345	1899222	0	0	14816	3279	8938	213578	0	0	0	3866	33612	0	4505	0
VF_975_N_220802_852022_26.qgd	0	40587	14583	23279	259753	0	0	0	724	4740	0	0	0	0	2193	5046	0	1738	0
VF_977_D_220801_842022_23.qgd	3699	74759	0	24260	2173	0	356	0	1088	3133	0	0	0	0	481	229	0	0	0
VF_977_N_220802_852022_28.qgd	0	77135	4915	2659	25883	0	0	0	0	36777	0	0	0	0	1285	465	0	0	0
VF_978_D_220801_842022_28.qgd	0	741595	0	1191	1376	0	0	5974	598	1573	0	0	0	0	0	167	2926	363	0
VF_981_D_220801_842022_22.qgd	3717	29180	0	2316	0	0	0	0	1092	1180	0	0	0	0	0	346	0	0	0
VF_981_N_220802_852022_27.qgd	0	52535	0	12628	142221	0	0	2192	950	1583	0	0	0	0	4372	2256	0	573	0
VF_982_N_220802_852022_17.qgd	0	332834	8089	8670	95515	0	0	7395	1589	1349	0	0	0	0	794	2197	0	568	0
VF_984_D_220801_842022_20.qgd	17148	516889	137825	6724	13445	43202	1261	25065	3800	3144	5057	169903	0	2446	2219	800	3144	817	0
VF_984_N_220802_862022_01.qgd	32636	263138	80609	127342	1408204	43350	0	9624	0	0	496968	70747	0	1672	21102	27131	3951	0	14052
VF_992_D_220801_842022_17.qgd	27779	1062295	240910	16636	36788	20350	5490	1028521	6063	0	8218	1051	18406	0	7052	2941	274	1708	0
VF_air_JP_200717_7162021_16.qgd	14895	657185	426662	486402	4047850	45714	13878	0	738373	410262	4365533	38385	13924	3260	108670	80829	5341	27885	0
VF_AIRAA_D_220801_852022_04.qgd	0	278051	0	4573	8308	0	0	0	1764	0	0	0	0	0	0	680	1277	0	0
VF_AIRAA_N_220802_852022_21.qgd	2701	333312	38280	48105	608759	5253	4333	2500	11679	78330	1521444	0	0	0	2636	8430	799	2700	0
VF_AIRDH_N_220802_852022_10.qgd	809	22090	8057	4586	52185	0	0	0	0	4674	0	0	0	0	1954	857	0	701	0
VF_AIRJPredo_D_220801_852022_19.qgd	0	98192	4173	5664	57805	0	0	0	0	2120	518	0	0	0	630	829	0	531	0
VF_used_2021_8222021_15.qgd	0	821913	88504	197891	2404770	0	0	7080	0	48530	780248	5734	0	0	12231	34793	0	8948	0
VF10DJul14_09052017.qgd	47253	148501	0	70673	13227	0	2981	152419	5453	23624	0	0	0	24199	0	893	0	0	0
VF10DJuly18_08052018.qgd	0	300296	23505	2670	0	0	5300	12223	17537	3678	6666	114723	7425	8277	1421	696	1323	1369	18080
VF11DJul14_09052017.qgd	72792	67341	0	28298	13872	0	0	0	0	26069	0	0	0	0	0	0	0	0	0
VF11DJuly18_07232018.qgd	0	37329	3927	19676	0	0	553	0	0	5222	0	0	0	1825	1286	0	259	3655	0
VF12ADJuly23_07292019.qgd	0	114411	10370	5293	13240	0	0	6379	6041	5127	0	62763	0	11390	0	517	0	0	0
VF12DJul14_09052017.qgd	27661	29101	0	10011	3666	0	0	29988	7196	0	0	0	0	10201	0	0	0	0	57949
VF12DJuly23_07292019.qgd	50588	116209	103079	12579	52418	43046	0	5427	22275	58190	0	1457852	12598	181473	0	1998	0	0	0
VF13DJul14_09052017.qgd	0	53731	0	35698	13211	0	0	1516	6446	42643	0	0	15283	11058	0	0	3199	0	0
VF13DJuly18_07232018.qgd	4303	462214	16609	3492	0	0	1106	0	7568	4052	1878	75330	8604	4155	0	522	1836	0	9654
VF13DJuly23_07292019.qgd	0	16855	0	2494	0	0	0	0	1470	0	0	0	1734	0	0	0	0	0	0
VF14DJul13reallyVF15D_09042017.qgd	17505	39377	0	6439	2870	0	3071	0	0	0	0	0	0	0	0	0	0	0	0
VF14DJuly18_07232018.qgd	5028	110749	0	1522	0	0	1179	0	2846	6501	0	28263	0	1195	427	196	379	0	0
VF14DJuly23_07292019.qgd	0	390348	53378	6542	23039	48087	0	383683	210451	0	5323	179818	0	7347	0	2279	0	0	0
VF15DJul13reallyVF16D_09042017.qgd	0	62500	0	264828	0	0	5812	0	0	74996	0	0	81973	88711	0	2944	21147	0	0
VF15DJuly23_07292019.qgd	22045	1139103	172024	107318	382968	54172	24703	888481	651986	10853	89701	447295	14150	13933	0	19877	3573	7501	0
VF16DJuly23_07292019.qgd	5404	4622381	59374	9428	14557	20348	1595	19673	36955	0	0	29003	3096	0	0	1837	31397	0	0
VF17DJul13really VF29D_09042017.qgd	72061	90917	40101	22001	18456	0	0	0	18662	63045	0	0	0	0	0	2408	3482	0	89842
VF18DJul13_09042017.qgd	33618	81912	0	9614	3617	0	1894	135300	0	14585	0	0	0	0	1679	0	0	0	0
VF19DJul13_09042017.qgd	19142	149893	0	297285	17219	28692	12507	0	3290	57106	0	0	0	99358	0	2096	27717	0	0
VF19DJuly23_07292019.qgd	0	1586714	30249	8482	15146	61999	7783	0	49405	2997	0	94768	660	3018	0	1696	7098	0	0
VF1D07102017_07122017.qgd	0	37695	0	9785	5979	0	0	32352	0	10559	0	95653	0	7471	0	0	0	0	0
VF1D07142017_07152017.qgd	0	148586	0	25375	15615	0	0	28758	0	0	0	0	0	0	0	860	0	0	0
VF207102017_07122017.qgd	0	196928	0	10168	5216	0	6304	284183	24718	0	0	176664	0	11497	0	1941	0	0	0
VF20DJul13reallyVF14D_09042017.qgd	70254	54167	0	8455	4979	0	2928	35063	0	0	0	0	0	0	0	0	0	0	131489
VF20DJuly23_07292019.qgd	21938	313196	104371	17077	44022	34383	2263	203875	30798	0	0	147027	0	4979	0	2941	0	0	0
VF21DJul13reallyVF20D_09042017.qgd	39853	54565	0	21839	4083	0	0	0	0	0	0	0	0	8430	0	892	0	0	116076
VF22DJul14_09052017.qgd	15539	252951	0	62062	9046	0	22145	0	56125	43419	0	150509	0	10108	0	0	0	0	172061
VF22DJuly18_08052018.qgd	8491	90049	20886	55622	4061	0	0	0	30592	7172	5838	0	0	3197	0	0	0	0	16047
VF23DJul14_09052017.qgd	30879	315956	0	78869	15393	0	0	1524	4937	48093	0	0	0	25422	0	0	0	0	0
VF25DJul13really VF21D_09042017.qgd	89995	98553	0	16658	7544	0	23048	316621	0	0	0	0	0	6354	0	1303	0	0	0
VF25DJuly18_08052018.qgd	10820	31093	0	79769	16975	0	4237	0	12574	72398	0	82472	0	0	0	1504	3397	0	16950
VF26DJul13reallyVF17D_09042017.qgd	82906	389189	0	25081	12744	0	0	23099	0	20572	22233	0	0	0	0	0	0	0	0
VF26DJuly18_07232018.qgd	14312	152809	20979	14434	55719	0	7692	0	31103	12322	0	206216	0	51342	0	1796	807	0	0
VF27DJul13_09042017.qgd	16027	105229	0	19907	2757	0	0	3946	2413	0	0	21254	0	2976	1966	991	0	0	0
VF27DJuly18_08052018.qgd	24225	279380	68057	5949	0	0	68239	426979	385567	14545	0	317150	14666	0	5261	1077	2830	0	0
VF28DJul13_09042017.qgd	47689	84746	0	10578	10940	0	0	69600	0	25387	3202	0	0	0	0	0	0	0	0
VF29DJuly13reallyVF25D.qgd	21691	128158	0	25784	12091	0	0	0	7446	31327	0	0	0	9767	0	1568	0	0	111426
VF2D07142017_07152017.qgd	0	111975	0	14947	8316	0	1247	38811	0	0	0	0	0	0	0	0	0	0	0
VF2DJuly23_07292019.qgd	0	135102	0	3708	14054	0	0	3529	2977	0	0	21675	1429	0	0	753	0	0	0
VF30DJul13reallyVF26D_09042017.qgd	20934	61069	0	18617	4163	0	0	0	0	36559	0	0	0	2562	0	0	0	0	0
VF30DJul13redo_09042017.qgd	11691	94741	0	22920	13955	0	9218	28975	78778	57632	0	0	0	16168	0	0	2397	0	258306
VF31DJul13_09042017.qgd	28376	37397	0	21806	14344	0	10956	234032	30070	44184	0	335930	32080	24277	0	0	0	0	220485
VF32DJul13_09042017.qgd	20414	99485	0	18318	2202	0	0	201975	0	0	0	93382	0	0	0	1126	0	0	21194
VF33DJul13_09042017.qgd	70293	53867	0	9519	5860	0	21135	0	8374	17440	0	0	0	5720	0	6490	0	0	0
VF34DJuly18_07232018.qgd	2513	66999	8156	10094	34163	0	585	34604	806	16362	0	53937	0	2913	0	1296	777	0	6359
VF35DJuly18_08052018.qgd	3416	319663	52086	5674	0	0	1026	153436	6688	9514	2420	33406	0	3924	0	882	1007	1066	37225
VF36DJul14_09042017.qgd	0	324635	31765	84020	0	0	8136	193220	17057	16947	0	0	0	24090	0	3214	7171	0	101632
VF36DJuly18_08052018.qgd	0	169636	8798	5499	15645	0	0	0	1665	19265	17569	33618	2676	2132	1646	678	1489	0	0
VF37DJul14_09052017.qgd	15795	128360	0	36817	7814	0	100180	0	59369	15125	0	155561	0	12693	0	0	0	0	0
VF39DJul13_09042017.qgd	8884	130745	0	31910	10281	0	3951	0	14416	8551	0	0	0	10077	0	1187	0	0	61549
VF39DJuly18_08052018.qgd	0	683516	0	1586	0	0	0	0	896	4309	0	0	0	1692	0	282	897	0	0
VF3DJul13_09042017.qgd	60798	51169	0	35408	13444	0	0	0	0	33744	0	0	0	18524	0	0	0	0	0
VF3DJuly23_07292019.qgd	3583	415713	34130	49736	182414	16827	780	0	19616	0	113986	42019	1781	3487	0	9642	0	3067	0
VF40DJul13_09042017.qgd	19035	624162	0	25539	6769	0	0	4544	26389	23550	0	0	0	6389	0	0	0	0	0
VF40DJul14_09052017.qgd	27224	1900014	0	39654	8112	0	4391	0	254284	30610	0	0	0	10137	0	792	4616	0	0
VF40DJuly18_07232018.qgd	7133	263719	25206	3645	0	0	5311	0	29867	0	0	152607	0	3262	0	630	867	0	11964
VF41DJul13_09042017.qgd	28299	233095	0	90923	15251	0	9319	343326	28851	68928	41876	0	0	22365	0	11381	0	0	0
VF42DJul13_09052017.qgd	88010	110249	0	17470	11220	0	0	36932	3797	63866	0	0	0	12211	0	886	0	0	0
VF43DJul13_09042017.qgd	0	52075	0	14724	10898	0	2271	56072	37910	41865	0	0	0	17030	0	0	0	0	0
VF44DJul13_09052017.qgd	0	223445	0	30171	12546	0	0	0	0	42586	0	0	0	0	0	0	3154	0	0
VF44DJuly18_07232018.qgd	0	50103	0	40720	0	0	1138	0	0	6796	0	26390	0	2346	0	284	0	0	0
VF45DJul13_09052017.qgd	10732	148066	0	16708	4252	0	0	0	0	0	0	0	0	0	0	0	0	0	0
VF45DJuly18_07232018.qgd	2989	134392	16282	9638	21205	0	799	0	0	923	0	42426	0	0	0	708	294	0	3029
VF46DJul13_09052017.qgd	57661	317108	0	22753	10307	0	0	0	0	36721	0	0	0	9293	0	0	0	0	0
VF47DJul13_09042017.qgd	0	33688	0	19612	20970	0	22647	4016	10530	53792	52987	0	0	0	1846	4881	0	0	260290
VF48DJuly18_08052018.qgd	0	284713	0	2077	5595	0	0	125839	6323	4488	1856	0	1824	0	938	0	1627	0	0
VF49DJul14_09052017.qgd	74594	83162	0	25732	17501	0	5633	70809	0	50264	0	0	0	19916	0	1852	0	0	0
VF4D07102017_07132017.qgd	755	1739	0	1591	373	0	0	151	0	0	0	0	424	115	0	0	162	1331	0
VF4D07142017_07142017.qgd	21126	515483	0	9979	29056	0	2294	0	83566	0	0	29632	0	9711	0	1503	2457	0	0
VF4DJuly23_07292019.qgd	52875	589318	111388	68005	203028	6795	5535	171801	10197	0	41949	402386	28016	3594	0	4437	0	3051	0
VF52DJuly23_07292019.qgd	22842	3259968	532955	202925	811680	51548	4734	0	449999	106063	1346588	207157	10485	22796	0	31253	14151	8724	0
VF5D07102017_07132017.qgd	0	1739	0	1521	0	402	0	0	0	0	0	0	0	0	0	103	0	740	730
VF5DJuly23_07292019.qgd	3086	50320	6502	15566	40738	30174	0	0	10928	0	0	24952	0	2984	0	2307	0	956	0
VF6D07102017_07132017.qgd	0	2358	0	1568	0	0	0	0	0	0	0	0	0	0	0	0	0	1125	0
VF6D07142017_07142017.qgd	0	79066	33681	6891	23659	16373	1744	0	111081	35174	0	0	3439	4066	0	943	1731	0	8002
VF6DJuly18_08052018.qgd	9105	2150200	20547	14650	23214	0	2110	0	1568	2145	1077	12279	8800	0	3566	2340	9993	0	0
VF6DJuly23_07292019.qgd	0	703180	63054	96387	268387	0	1586	361469	59817	0	58903	231012	37506	13603	0	11410	0	3628	0
VF7D07102017_07142017.qgd	0	12846	0	7285	6375	0	0	80614	2030	0	0	0	0	8038	0	0	0	0	0
VF7D07142017_07142017.qgd	19173	373366	0	40595	7234	0	2434	297545	13528	19564	0	0	0	0	0	412	1019	0	0
VF7DJuly23_07292019.qgd	50474	171879	131445	20983	75645	139963	13323	0	853301	12032	0	705740	2692	66431	0	4422	2718	0	0
VF8D07102017_07152017.qgd	0	37479	0	13071	1980	0	0	40387	0	0	0	26172	0	0	0	1349	0	0	0
VF8D07142017_07152017.qgd	0	40430	14066	3819	10781	0	757	107493	10401	0	0	32506	0	6536	0	696	2190	0	4851
VF8DJuly23_07292019.qgd	23013	431155	104333	31562	80622	28600	31105	0	105890	0	156176	90592	0	9142	0	3077	0	0	0
VF9D07102017_07142017.qgd	0	31620	0	17975	9280	0	0	103545	8133	49445	0	90088	0	0	0	0	0	0	0
VF9D07142017_07140217.qgd	9363	25805	0	24668	11734	0	0	66653	0	0	0	0	0	8430	0	593	0	0	0
VF9DJuly23_07292019.qgd	0	170094	0	2155	0	13698	0	6212	11075	0	0	42723	950	1409	0	600	0	0	0
